PRAGMA foreign_keys = ON;

INSERT INTO Account VALUES ('squeezie', 'squeezie@gmail.com', 'vSZ^tJL^d6*zCM&', '24/11/2013');
INSERT INTO Account VALUES ('mizkif', 'mizkif@yahoo.com', 'E@Y7kMM0Y0A5w+xuO', '28/06/2015');
INSERT INTO Account VALUES ('zackrawrr', 'dnewton@outlook.com', '^*9K*jwVw9Vyr7(6', '07/07/2020');
INSERT INTO Account VALUES ('rubius', 'rubius@gmail.com', '4%hf4JTmjRS1U_K', '12/01/2013');
INSERT INTO Account VALUES ('maximum', 'jessicacastro@outlook.com', '!16X7xxx3$^tR', '15/04/2013');
INSERT INTO Account VALUES ('alanzoka', 'eric03@outlook.com', 'IkQvREMsl!$v2vkD@&0i', '05/12/2012');
INSERT INTO Account VALUES ('philza', 'etyler@yahoo.com', '^(HN5(6y!(AqjBM6', '11/01/2009');
INSERT INTO Account VALUES ('ohnepixel', 'gray@outlook.com', '6xrtOT8AV^ke2C)d', '18/05/2013');
INSERT INTO Account VALUES ('gabepeixe', 'gabepeixe@yahoo.com', '%5Xjgh8fzf0RA3f', '28/03/2014');
INSERT INTO Account VALUES ('wuant', 'tonyavalentine@yahoo.com', '&(bx5Pc0$zWfR7LDtW', '16/10/2011');
INSERT INTO Account VALUES ('otzdarva', 'reevesvanessa@yahoo.com', '*DPQo99O!a(JZm*%(g^', '29/04/2014');
INSERT INTO Account VALUES ('joueur_du_grenier', 'joseph64@yahoo.com', 'B+!3EqfYdPOy63EH!Y_', '03/08/2014');
INSERT INTO Account VALUES ('foolish', 'nicole55@outlook.com', 'O3jC37hfR!%%TrcE*', '16/01/2017');
INSERT INTO Account VALUES ('xaryu', 'james76@yahoo.com', 'r&eE^ssasG8tLdHE', '13/07/2012');
INSERT INTO Account VALUES ('insym', 'insym@gmail.com', '*SNbj5Xm+&9Mrq', '22/11/2014');
INSERT INTO Account VALUES ('lilsimsie', 'oleblanc@outlook.com', 'K)7ZEEv5E!0s', '18/12/2015');
INSERT INTO Account VALUES ('alinity', 'nfrederick@outlook.com', 'BX_2nDnbTgoHJrH)', '23/12/2012');
INSERT INTO Account VALUES ('fitmc', 'jacksonjohn@outlook.com', 'E+y8JQ%W9uVP6', '10/07/2016');
INSERT INTO Account VALUES ('thejrm_', 'thejrm_@gmail.com', 'NEra4Mm(+_rhS', '25/01/2019');
INSERT INTO Account VALUES ('xcry', 'vcasey@yahoo.com', '(q@$cHRJ%wumAQGdR16', '15/07/2015');
INSERT INTO Account VALUES ('agustin51', 'nbrown@yahoo.com', 'XqWuf3jwqtA_0IChc)n', '16/08/2015');
INSERT INTO Account VALUES ('zerator', 'zerator@outlook.com', 'Q1DnWEpy(Q4k', '25/03/2013');
INSERT INTO Account VALUES ('lars_tm', 'pdunn@gmail.com', 'R*8xCYghm%ze', '13/06/2015');
INSERT INTO Account VALUES ('bastighg', 'tmckenzie@outlook.com', 'c9jnMDGI^UTHu*', '01/12/2012');
INSERT INTO Account VALUES ('kitboga', 'youngkeith@yahoo.com', '%9eD*01ysx*t', '06/08/2012');
INSERT INTO Account VALUES ('jolavanille', 'browningtiffany@outlook.com', 'v)Z#ypXst9PcXS6*#', '29/08/2020');
INSERT INTO Account VALUES ('therunningmanz', 'zmanning@gmail.com', '!)j(w7wPAk8Rz', '24/08/2014');
INSERT INTO Account VALUES ('wankilstudio', 'bgomez@yahoo.com', 'Psq5Orll@2_MQ3', '13/06/2012');
INSERT INTO Account VALUES ('ayellol', 'emily19@yahoo.com', '3a71m3FnJd&8(', '09/07/2013');
INSERT INTO Account VALUES ('symfuhny', 'williamjones@yahoo.com', 'Jt#G7+zhps+%VII', '28/06/2012');
INSERT INTO Account VALUES ('qojqva', 'zmckinney@outlook.com', 'X&ATDC&9wF!GT4Dq7+C', '25/09/2013');
INSERT INTO Account VALUES ('jeffhoogland', 'jeffhoogland@outlook.com', 'Xi1rN&zg&5D237dj', '02/05/2012');
INSERT INTO Account VALUES ('di1araas', 'hobbseric@outlook.com', '9qpnMOP%s_8dUpWxB', '02/02/2021');
INSERT INTO Account VALUES ('isvolcano', 'kwhite@yahoo.com', 'p))2z*wVHXJfD', '31/07/2016');
INSERT INTO Account VALUES ('admiralbahroo', 'mejiajohn@gmail.com', '%J8ggGSl3&+^*bi', '04/03/2013');
INSERT INTO Account VALUES ('jankos', 'jankos@outlook.com', '*!gAqOWy&25E59CmT', '06/05/2009');
INSERT INTO Account VALUES ('minerva', 'kimheather@outlook.com', '*1sKu5gafdC#5Ac', '27/09/2013');
INSERT INTO Account VALUES ('towelliee', 'cruzcarl@outlook.com', '*de&S@ll&u!t8QtA', '24/02/2011');
INSERT INTO Account VALUES ('cozygam3r', 'donald97@outlook.com', 'yA7DJ8%+v%gyVDa_HmQ', '13/04/2020');
INSERT INTO Account VALUES ('tfblade', 'virginiacarlson@gmail.com', ')hZyn_R+y692Sw6z^', '21/03/2014');
INSERT INTO Account VALUES ('faux', 'faux@yahoo.com', 'AO+Dv3te!ot2xAd9^', '04/03/2013');
INSERT INTO Account VALUES ('folagorlives', 'christina81@gmail.com', '%*m!uaPvx6ATU3', '27/05/2012');
INSERT INTO Account VALUES ('lirik', 'dakotarivera@yahoo.com', '+@4N$wb@f(&Y', '27/06/2011');
INSERT INTO Account VALUES ('bonjwa', 'whitevirginia@outlook.com', 'Ze^#$la%*e@C97g#57', '20/10/2014');
INSERT INTO Account VALUES ('simurgh', 'acamacho@outlook.com', '%We2gPft0oMB', '26/07/2012');
INSERT INTO Account VALUES ('dogdog', 'michael55@gmail.com', '^G7^SBZCsZVLm+0zwC', '16/04/2014');
INSERT INTO Account VALUES ('wooxsolo', 'ipham@yahoo.com', '&+t3QTU8&V(#Frdb4', '18/10/2013');
INSERT INTO Account VALUES ('joyca', 'edward81@gmail.com', 'e1L!tpriy_4&Yi', '21/01/2018');
INSERT INTO Account VALUES ('djmariio', 'ethan88@gmail.com', 'ln_9z#niazBqaS3p#', '24/09/2008');
INSERT INTO Account VALUES ('smallant', 'cassandra27@gmail.com', 'cJ7ey0r$1@W)yxBJ%', '29/02/2016');
INSERT INTO Account VALUES ('rezonfn', 'tmendez@gmail.com', 'kkgJHp*8##ue18', '09/03/2019');
INSERT INTO Account VALUES ('zerkaa', 'zerkaa@outlook.com', '1W7#sQRyFZ)8wmsw!bj', '17/07/2010');
INSERT INTO Account VALUES ('keshaeuw', 'jenniferodonnell@yahoo.com', '$*B8XRReg%qS%7y)u', '24/02/2018');
INSERT INTO Account VALUES ('fl0m', 'boydrobert@gmail.com', '&WipxdtS7gmMGkD', '26/09/2011');
INSERT INTO Account VALUES ('upsetger', 'gnguyen@outlook.com', '&6ztYqf+6tL7zOOoT#0', '14/01/2017');
INSERT INTO Account VALUES ('wakzlol', 'leonfuentes@gmail.com', '#g_u1MMaAIoP', '05/10/2015');
INSERT INTO Account VALUES ('papaplatte', 'mcgrathwilliam@outlook.com', '0+9+9I!teb6b', '02/11/2013');
INSERT INTO Account VALUES ('nikof', 'carol40@outlook.com', '!P6fLNzen90g(cHw#', '21/12/2015');
INSERT INTO Account VALUES ('vedal987', 'vedal987@outlook.com', 'Vz&0bdYb6Vac', '17/03/2015');
INSERT INTO Account VALUES ('stegi', 'vreilly@gmail.com', '3PYaLvMjJC$^Q3p1a', '09/11/2013');
INSERT INTO Account VALUES ('mrsavage', 'tadams@outlook.com', '4I7b5Suf_Zm(0Gv', '24/02/2018');
INSERT INTO Account VALUES ('ramiboyslive', 'onealdaniel@yahoo.com', '1v*_&XfkSUB6FBL', '09/07/2016');
INSERT INTO Account VALUES ('hugodelire', 'nscott@yahoo.com', '9*&w5eix)komDAV3*', '07/12/2013');
INSERT INTO Account VALUES ('crocodyletv', 'michael79@yahoo.com', 'pC_M(+bHLlfh3yXS%', '02/09/2015');
INSERT INTO Account VALUES ('tiliaoficial', 'kempsarah@gmail.com', '6Aa10Y5qfar+wDr', '15/08/2023');
INSERT INTO Account VALUES ('hasanabi', 'trevor29@outlook.com', 'Cm7@FySexmE0YOn_*w', '23/03/2018');
INSERT INTO Account VALUES ('clix', 'erikjones@yahoo.com', 's1x(jALJ_lmUJC6C', '22/06/2018');
INSERT INTO Account VALUES ('domingo', 'domingo@gmail.com', 'b@M9wHMi(%xQ', '05/02/2013');
INSERT INTO Account VALUES ('runthefutmarket', 'robertbrown@gmail.com', 'j6WHKe#d_tk#exW1s', '04/01/2017');
INSERT INTO Account VALUES ('rtgame', 'dreyes@yahoo.com', '!UEXz9LF2$%Ng!', '14/04/2015');
INSERT INTO Account VALUES ('xfibii', 'xfibii@yahoo.com', 'O7OZ5OjfEb4St+3qR@', '10/05/2018');
INSERT INTO Account VALUES ('desertbus', 'inorman@outlook.com', 'XK$QWyly&ct0$jb&@%', '16/09/2011');
INSERT INTO Account VALUES ('nicewigg', 'amberfrancis@gmail.com', '1D+V8TZh_IwtL8a(Y', '12/02/2019');
INSERT INTO Account VALUES ('method', 'method@gmail.com', '1iv1B%+ajq0Mv+N1b(m', '12/04/2016');
INSERT INTO Account VALUES ('northernlion', 'kimsteven@outlook.com', 'o_h6JzogJqesd8L!', '05/08/2010');
INSERT INTO Account VALUES ('dekkster', 'mperez@outlook.com', '@u(97Ihho4^#iYTq!', '29/07/2012');
INSERT INTO Account VALUES ('abugoku9999', 'sarahdiaz@gmail.com', '#yes)DED9Ag0c!y', '06/10/2018');
INSERT INTO Account VALUES ('anujbost', 'cynthia78@yahoo.com', 'v8_kjp(@@3dqY38w@wN8', '29/08/2013');
INSERT INTO Account VALUES ('stoopzz', 'stoopzz@outlook.com', '@zGj^c71m8Wfo3nVNKsm', '03/11/2016');
INSERT INTO Account VALUES ('echo_esports', 'chelsea12@outlook.com', 'u088o3w$4)AoZdCP@R', '25/07/2020');
INSERT INTO Account VALUES ('doktorfroid', 'charles80@yahoo.com', 'i@XG3+af5RygTyGe', '04/03/2014');
INSERT INTO Account VALUES ('hortyunderscore', 'christiangreen@gmail.com', 'Jc&FFIyP!45DM', '18/06/2016');
INSERT INTO Account VALUES ('strippin', 'amyers@outlook.com', 'NS11Oo#s)L0WReBEYh', '29/06/2011');
INSERT INTO Account VALUES ('derajn', 'ortizjeremy@gmail.com', '&!4ClEWD3F2GSItj_$', '05/06/2010');
INSERT INTO Account VALUES ('absoluttlol', 'stonematthew@gmail.com', 'vqY1FKswRK1vc&js', '26/10/2015');
INSERT INTO Account VALUES ('eliasn97', 'eliasn97@outlook.com', 'Y6b_lWAL)8@k#cx5!Zg', '15/07/2018');
INSERT INTO Account VALUES ('mistermv', 'brooke90@gmail.com', 'YSFqGoP1*k0w+Wmtu47j', '27/02/2012');
INSERT INTO Account VALUES ('hiswattson', 'maria89@yahoo.com', '!DsKgz&GkU1(PZ', '01/05/2016');
INSERT INTO Account VALUES ('gerardromero', 'tammydouglas@gmail.com', 'i4u4GyOY+nz(K', '08/11/2020');
INSERT INTO Account VALUES ('blackoutz', 'blackoutz@yahoo.com', 'r#6X7bO7_5b*vcSx_m', '15/05/2017');
INSERT INTO Account VALUES ('missmikkaa', 'emily13@gmail.com', 'ZYB8KZgJo_x5Vtha^$T3', '27/08/2013');
INSERT INTO Account VALUES ('grubby', 'smiller@yahoo.com', '5sK9OEOggFRVux$G5*9a', '09/03/2011');
INSERT INTO Account VALUES ('teamliquid', 'yvettedillon@gmail.com', '*B5gmeCc#96kY(YM4DBY', '16/02/2011');
INSERT INTO Account VALUES ('bystaxx', 'bystaxx@yahoo.com', '8Eju2NMs_t@29%nk^$B&', '24/10/2011');
INSERT INTO Account VALUES ('cct_cs', 'vnguyen@yahoo.com', 'J7(Xxf6u8q&r4vbM%0^!', '22/10/2018');
INSERT INTO Account VALUES ('quinndota', 'rachelsimon@yahoo.com', '*9NMUDu8GU(r+LDL!6', '17/11/2015');
INSERT INTO Account VALUES ('farfadoxvevo', 'montesjennifer@yahoo.com', 'aL5dE$S)$xUMK3&r', '20/05/2018');
INSERT INTO Account VALUES ('dantes', 'dantes@yahoo.com', '5+6XX4Jrmnw3', '09/10/2019');
INSERT INTO Account VALUES ('nozadah', 'eric22@outlook.com', 'DA$M8N#B&vR2Q7rK', '13/06/2016');
INSERT INTO Account VALUES ('badboyhalo', 'gomezryan@gmail.com', '#*9uBmodDhPgS0N8', '19/08/2020');
INSERT INTO Account VALUES ('ricadam_lol', 'matthewwatson@yahoo.com', 'r4fVHdfk&ks_gEV&', '13/05/2016');
INSERT INTO Account VALUES ('deusamir', 'meyerjason@yahoo.com', 'XP**ZoV3^yL4km)x9(', '11/07/2018');
INSERT INTO Account VALUES ('terracid', 'keith08@gmail.com', '&7sQZz2se88(NfND$S', '30/04/2015');
INSERT INTO Account VALUES ('ard', 'ard@yahoo.com', 'MM_Fs8o5UO!8KG0mEh8', '29/09/2022');
INSERT INTO Account VALUES ('eslcs', 'eslcs@outlook.com', '2J_M2Behcs@p', '11/06/2012');
INSERT INTO Account VALUES ('khandbl', 'khandbl@outlook.com', 'Og&2F0U$Q)cW6ut$', '12/01/2019');
INSERT INTO Account VALUES ('nisqyy', 'nisqyy@outlook.com', 'OSiYSm^fX2(1+', '06/03/2015');
INSERT INTO Account VALUES ('castcrafter', 'castcrafter@outlook.com', '_VnACQ#l*+6j)jPmmiqq', '07/08/2012');
INSERT INTO Account VALUES ('rafcarlito', 'jennifer01@yahoo.com', '(K8H$o&XYxBoBSJm6+e', '09/01/2023');
INSERT INTO Account VALUES ('samueletienne', 'samueletienne@gmail.com', '#NJIGKr69M@QrNC$', '30/03/2020');
INSERT INTO Account VALUES ('podasai', 'charlesjones@outlook.com', 'T%*18Efr8)yR$&e*%d', '26/06/2016');
INSERT INTO Account VALUES ('xchocobars', 'xchocobars@yahoo.com', '4c5P52Dn^a1R2prc', '18/04/2013');
INSERT INTO Account VALUES ('dish', 'dish@outlook.com', '+X2j4m&aOdJ7Q7I', '06/09/2018');
INSERT INTO Account VALUES ('skyrroztv', 'karen71@outlook.com', '*6OZcsOC6jVJf)P', '29/11/2013');
INSERT INTO Account VALUES ('mount', 'rbuckley@outlook.com', 'm2pVD+t5H@I*mLEW5JwP', '03/03/2014');
INSERT INTO Account VALUES ('mickalow', 'rebeccacampbell@outlook.com', 'I4qn1UiO*@JI0', '21/05/2012');
INSERT INTO Account VALUES ('talmo', 'felliott@yahoo.com', 'q^2mTbi9)0Gk%5Ul2', '30/10/2014');
INSERT INTO Account VALUES ('doro44', 'matthewford@outlook.com', '3M_N&Deb(&uC', '19/01/2016');
INSERT INTO Account VALUES ('axozer', 'richard65@gmail.com', 'ft%TnLomP85aJt&', '30/08/2016');
INSERT INTO Account VALUES ('nightblue3', 'jonathan67@outlook.com', '@7K(0FX1#t%G2qcekd', '21/12/2011');
INSERT INTO Account VALUES ('mahluna', 'mahluna@yahoo.com', 'OB1iJncU!gsUP', '30/03/2017');
INSERT INTO Account VALUES ('galeguins', 'galeguins@gmail.com', 'bTT9OErYF@c@*z4', '12/07/2019');
INSERT INTO Account VALUES ('stormen', 'dstrickland@gmail.com', 'b2gzNSlv)ttS', '11/09/2015');
INSERT INTO Account VALUES ('shisheyu_mayamoto', 'pamela96@gmail.com', '2@Ua2oz(wP5Ll8Qg#w', '22/05/2014');
INSERT INTO Account VALUES ('pandemiadigital', 'clawson@gmail.com', '0K%EQgCJ&$GwdGjhGTj@', '22/10/2021');
INSERT INTO Account VALUES ('viizzzm', 'viizzzm@gmail.com', '&2JCextSLt2gUB8R', '19/05/2020');
INSERT INTO Account VALUES ('alliopodcast', 'jevans@gmail.com', '%h1ws#bY&l&Q', '05/09/2023');
INSERT INTO Account VALUES ('xarola_', 'spencerpaul@outlook.com', '29H9v4W!63X+GKPjrX(', '14/11/2017');
INSERT INTO Account VALUES ('zealsambitions', 'darin24@yahoo.com', 'BW2RzKAg0#ADqvY+!q39', '07/06/2012');
INSERT INTO Account VALUES ('iamcristinini', 'iamcristinini@gmail.com', '@@ALSSK6h2K5uVhH*', '10/05/2016');
INSERT INTO Account VALUES ('superzomgbbq', 'longnicole@gmail.com', '2XY!jhiCqMQ%9bMa5', '14/03/2014');
INSERT INTO Account VALUES ('kaytlien', 'zvelazquez@gmail.com', '6+mjn)S_2*7H', '29/12/2011');
INSERT INTO Account VALUES ('sweetdreams', 'marysanders@outlook.com', 'IJ9oZZdqM3+T(@', '03/01/2017');
INSERT INTO Account VALUES ('moondye7', 'moondye7@yahoo.com', '!1np)H1xTFn4', '03/09/2012');
INSERT INTO Account VALUES ('bipbupxexa', 'bipbupxexa@yahoo.com', '6(8kgU7hx3qE&hUW)A^5', '15/11/2023');
INSERT INTO Account VALUES ('jay3', 'corey61@gmail.com', '(31+X#fj(8Gh', '26/08/2016');
INSERT INTO Account VALUES ('markilokurasy', 'ahorton@yahoo.com', '@1uHmVSNhjN%YnP!1L6R', '23/11/2014');
INSERT INTO Account VALUES ('carola', 'conleyerin@yahoo.com', '@XZ(K61Pz8*Ueex&+f', '25/12/2015');
INSERT INTO Account VALUES ('solarbacca', 'christina68@outlook.com', '#%RtVOuKLQ42q^RV', '01/11/2015');
INSERT INTO Account VALUES ('kidi', 'riverswanda@outlook.com', '^G0_Tqz8%B_SlxU%!F9l', '17/07/2012');
INSERT INTO Account VALUES ('smitegame', 'katherine33@yahoo.com', 'e#1IOX)*#*BlUwaxFUI', '20/06/2012');
INSERT INTO Account VALUES ('chocotaco', 'desireemorrow@gmail.com', 'P7^gGjzs@unw6@IHkV', '25/08/2014');
INSERT INTO Account VALUES ('naguura', 'ustevens@gmail.com', 'S)_+9e1SpH)90GKk', '08/01/2013');
INSERT INTO Account VALUES ('spear_shot', 'ashleyritter@yahoo.com', 'BdI@o3&g+gjJ4L#hd*9', '04/03/2017');
INSERT INTO Account VALUES ('alexby11', 'umartinez@gmail.com', '8T)gH5ir!t(nXRj', '29/01/2011');
INSERT INTO Account VALUES ('knebeltv', 'jamesmoon@outlook.com', 'G&$1mhqz$a(TdFRDYX1', '07/01/2016');
INSERT INTO Account VALUES ('mukluk', 'mukluk@yahoo.com', '5Budq@W8@UHOQJi', '21/08/2016');
INSERT INTO Account VALUES ('raxxanterax', 'charles51@yahoo.com', '%S7oKJZ7&6*Hi%fNHSqo', '31/08/2011');
INSERT INTO Account VALUES ('agustabell212', 'raymond72@outlook.com', '8G38SlcSdv!p', '04/02/2016');
INSERT INTO Account VALUES ('bbreadman', 'daniel33@yahoo.com', '_!fYptiQh0g!DLh', '08/01/2018');
INSERT INTO Account VALUES ('incon', 'craigcarolyn@gmail.com', '6sL8RttFTC&d8', '20/10/2012');
INSERT INTO Account VALUES ('fariaalinago', 'afry@yahoo.com', 'U#63q+vqn2@)ydfA)', '09/11/2023');
INSERT INTO Account VALUES ('tyrone1mc', 'tyrone1mc@outlook.com', '+CJ)DnNpa_4kjQCR%(+', '11/02/2018');
INSERT INTO Account VALUES ('ray', 'oclements@gmail.com', 'UlgO6Cz+4+K%@27Z!^UJ', '22/03/2015');
INSERT INTO Account VALUES ('sparkofphoenixtv', 'sparkofphoenixtv@outlook.com', 'hr78SmqG*EwGZ', '26/09/2012');
INSERT INTO Account VALUES ('axuihudsons', 'axuihudsons@outlook.com', '^a0WXkSyz)464R', '15/11/2023');
INSERT INTO Account VALUES ('gaambblevoord', 'emma34@outlook.com', 'Wa1NzKIHV&5#', '10/11/2023');
INSERT INTO Account VALUES ('itswill', 'brittany75@yahoo.com', ')cWyE&hpK*Y@Vijbkn7', '06/05/2013');
INSERT INTO Account VALUES ('thyslotfather', 'cmendez@outlook.com', '4nz^Yile!FV4EVMh', '05/10/2021');
INSERT INTO Account VALUES ('mortenroyale', 'evansrobert@outlook.com', ')8Y(DGgdKp#65Wg', '28/09/2016');
INSERT INTO Account VALUES ('blitzstream', 'kristengarcia@outlook.com', '%^i46GNEISfWTKv', '30/09/2013');
INSERT INTO Account VALUES ('solaryhs', 'drogers@yahoo.com', '^6j@GvO*g1FH@p12', '12/02/2019');
INSERT INTO Account VALUES ('giantwaffle', 'carrienelson@gmail.com', ')5RQgkF@9PKXUnT#F6', '22/05/2011');
INSERT INTO Account VALUES ('olesyaliberman', 'kwalter@yahoo.com', 'Iu7WvSJmb*@B', '02/12/2017');
INSERT INTO Account VALUES ('anthonyz', 'ashleyduncan@outlook.com', '2ZiK&ZyquVPx1#Lge', '22/03/2016');
INSERT INTO Account VALUES ('emongg', 'emongg@outlook.com', '$)A2AzZp9Iq4', '01/07/2011');
INSERT INTO Account VALUES ('abezy', 'xwilliams@outlook.com', 'ZDE)3NsI7&IjKytD', '29/04/2015');
INSERT INTO Account VALUES ('soursweet', 'melaniemoore@outlook.com', '506PZVphh@nF1Xx', '22/03/2015');
INSERT INTO Account VALUES ('hexy', 'xjones@yahoo.com', 'FAP5N*saA&!#ITpq*Q7C', '19/01/2012');
INSERT INTO Account VALUES ('sypherpk', 'katherinehamilton@yahoo.com', 'dg1!zOm%e*17cFJeI', '14/07/2012');
INSERT INTO Account VALUES ('mathil1', 'mathil1@yahoo.com', 'Qf9fJNvZ@FbqqkPo8#lM', '20/10/2011');
INSERT INTO Account VALUES ('zaelia', 'kristine43@gmail.com', 'w@7CS)wxN*K$', '12/06/2010');
INSERT INTO Account VALUES ('alexandercoccia', 'imiller@yahoo.com', 'H($lE+z%SQt)5Y$bi', '09/04/2013');
INSERT INTO Account VALUES ('pestily', 'brownsamantha@yahoo.com', 'Q@5kD8UO5olsugfatHa', '03/11/2015');
INSERT INTO Account VALUES ('bmkibler', 'davisjoe@gmail.com', '#v7dVhRUh004tXMB_$FW', '01/11/2011');
INSERT INTO Account VALUES ('femimarss', 'femimarss@gmail.com', '#&6ctm32T1XY9', '07/04/2014');
INSERT INTO Account VALUES ('imaqtpie', 'stephanie22@outlook.com', 'JHo)Qmca8n!7', '22/09/2011');
INSERT INTO Account VALUES ('ipromx', 'ipromx@yahoo.com', '%GveE+c*UfL^4Mn', '25/02/2015');
INSERT INTO Account VALUES ('kristinadaniellexo', 'amy42@outlook.com', 'Bk#TM^oH+c0WTvo', '08/04/2017');
INSERT INTO Account VALUES ('mmorpg', 'mwashington@outlook.com', 'Yeez!FNUq&8^4L%qI+', '24/03/2013');
INSERT INTO Account VALUES ('tioshur', 'tioshur@yahoo.com', '+00SCEmiR%Xv5', '05/08/2015');
INSERT INTO Account VALUES ('team_damian_richter', 'derrick07@gmail.com', '&uAfpG3aXo6E4U6hcvHT', '01/07/2020');
INSERT INTO Account VALUES ('ojwtv', 'ojwtv@yahoo.com', 'dyz*0TBcwu*lXw', '20/01/2023');
INSERT INTO Account VALUES ('cruelladk', 'macdonaldjessica@gmail.com', 'G3^p+Jf)dZf102IvM', '15/05/2014');
INSERT INTO Account VALUES ('toadamarillo', 'jamieacosta@yahoo.com', 'h!4J22p1%9X*l^Kl5', '26/12/2011');
INSERT INTO Account VALUES ('cloakzy', 'cloakzy@yahoo.com', 'ots)FD#h0$QrgXaA_7', '03/02/2015');
INSERT INTO Account VALUES ('itsjstn', 'cochrandiane@gmail.com', ')TR*0HGqWI51O+zkK!l', '08/12/2013');
INSERT INTO Account VALUES ('noni', 'albertquinn@yahoo.com', 'Q$kZri6R+1FNDUof_K', '29/04/2020');
INSERT INTO Account VALUES ('ahmpy', 'ahmpy@outlook.com', 'Dppl4lfq2ReEVzK9A7#v', '05/07/2011');
INSERT INTO Account VALUES ('lucasjack89', 'xmanning@yahoo.com', 'Wbxa6Mu6!6_F%ULBUo', '24/08/2018');
INSERT INTO Account VALUES ('perxitaa', 'yvonne39@outlook.com', 'CP$U2Tis0e9o5*ObCPc', '05/09/2012');
INSERT INTO Account VALUES ('dofla', 'john44@outlook.com', 'rw(^9Vbp&19&vp7+xk', '03/11/2014');
INSERT INTO Account VALUES ('oliviamonroe', 'vewing@yahoo.com', '291Um70uhyug4pEm*', '23/09/2020');
INSERT INTO Account VALUES ('ziqoftw', 'espencer@gmail.com', 'x%xv7QJdqEsVr)NM', '19/02/2011');
INSERT INTO Account VALUES ('peereira7', 'walshbrooke@gmail.com', '(8&Q3HBSCKHSPRnTpF', '21/11/2017');
INSERT INTO Account VALUES ('octane', 'zfranklin@yahoo.com', '!7(8V7Qo3KdZVu', '10/08/2013');
INSERT INTO Account VALUES ('thekller', 'vgutierrez@yahoo.com', 'rm)(4SizX!2bP(V7u', '07/09/2012');
INSERT INTO Account VALUES ('coreano', 'coreano@outlook.com', 'YHxGxkCh$2UWPf', '06/07/2016');
INSERT INTO Account VALUES ('niklaswilson', 'ichang@gmail.com', '8iHqSdWV(@n0#whe', '20/03/2020');
INSERT INTO Account VALUES ('wudijo', 'wudijo@yahoo.com', 'o%f7KFQj&5A4', '22/04/2014');
INSERT INTO Account VALUES ('bruninzor', 'michael06@yahoo.com', 'E0NaqCoG%eeQC1mgE1', '22/04/2019');
INSERT INTO Account VALUES ('repoze', 'repoze@yahoo.com', '1kH4N@I@um@f9heLLZe', '05/07/2020');
INSERT INTO Account VALUES ('zigueira', 'zigueira@outlook.com', 'm*_(m*yz_w7FD9Z', '16/07/2012');
INSERT INTO Account VALUES ('tbjzl', 'christinatanner@gmail.com', '46R1@LwA&VDq7$kbA1S', '04/02/2012');
INSERT INTO Account VALUES ('diehahn', 'parrishhunter@outlook.com', 'z@Aim9syWi4HJS', '08/05/2013');
INSERT INTO Account VALUES ('silithur', 'westshawn@gmail.com', '$oUA@Ctkl3tys*U', '10/06/2012');
INSERT INTO Account VALUES ('casinovatvs', 'casinovatvs@gmail.com', 'Gmi12OtCg2UwhHKp&6', '12/11/2023');
INSERT INTO Account VALUES ('ninja', 'ninja@outlook.com', '%41N*((Mo_ljPAM', '16/01/2011');
INSERT INTO Account VALUES ('tarik', 'tarik@gmail.com', 'bq3+o*Ufo^@W2OB8pbK', '21/09/2012');
INSERT INTO Account VALUES ('emilyywang', 'ipatterson@outlook.com', 'd0Oc@VKny#yf!ceW*', '02/10/2012');
INSERT INTO Account VALUES ('jltomy', 'jltomy@yahoo.com', 'jJvUHToA$DBbuRqy(3Ak', '03/05/2017');
INSERT INTO Account VALUES ('baitybait', 'blewis@gmail.com', 'bg+5tDPr@bvUKxU', '30/06/2020');
INSERT INTO Account VALUES ('gotaga', 'gotaga@gmail.com', '&5Sy0*PzulbEDdR3ouyJ', '17/08/2011');
INSERT INTO Account VALUES ('ponce', 'ponce@yahoo.com', 'W3EPAn)eeyT&p3UVW!0y', '24/10/2013');
INSERT INTO Account VALUES ('noway4u_sir', 'michele13@gmail.com', '^*60UhG2l*e)uzavH1', '16/03/2015');
INSERT INTO Account VALUES ('disguisedtoast', 'cindypearson@outlook.com', 'uRy6aCos%&jLZ!', '01/04/2015');
INSERT INTO Account VALUES ('elajjaz', 'katherinesmith@gmail.com', 'lo*sv2(T(NY14en1O#0', '20/12/2011');
INSERT INTO Account VALUES ('kant', 'kant@gmail.com', 'l6&%MjvDT(6EaQ', '28/04/2020');
INSERT INTO Account VALUES ('tangotek', 'thomas99@yahoo.com', '@1L^XHRxtk+IrE', '09/03/2013');

INSERT INTO User(account) VALUES ('squeezie');
INSERT INTO User(account) VALUES ('mizkif');
INSERT INTO User(account) VALUES ('zackrawrr');
INSERT INTO User(account) VALUES ('rubius');
INSERT INTO User(account) VALUES ('maximum');
INSERT INTO User(account) VALUES ('alanzoka');
INSERT INTO User(account) VALUES ('philza');
INSERT INTO User(account) VALUES ('ohnepixel');
INSERT INTO User(account) VALUES ('gabepeixe');
INSERT INTO User(account) VALUES ('wuant');
INSERT INTO User(account) VALUES ('otzdarva');
INSERT INTO User(account) VALUES ('joueur_du_grenier');
INSERT INTO User(account) VALUES ('foolish');
INSERT INTO User(account) VALUES ('xaryu');
INSERT INTO User(account) VALUES ('insym');
INSERT INTO User(account) VALUES ('lilsimsie');
INSERT INTO User(account) VALUES ('alinity');
INSERT INTO User(account) VALUES ('fitmc');
INSERT INTO User(account) VALUES ('thejrm_');
INSERT INTO User(account) VALUES ('xcry');
INSERT INTO User(account) VALUES ('agustin51');
INSERT INTO User(account) VALUES ('zerator');
INSERT INTO User(account) VALUES ('lars_tm');
INSERT INTO User(account) VALUES ('bastighg');
INSERT INTO User(account) VALUES ('kitboga');
INSERT INTO User(account) VALUES ('jolavanille');
INSERT INTO User(account) VALUES ('therunningmanz');
INSERT INTO User(account) VALUES ('wankilstudio');
INSERT INTO User(account) VALUES ('ayellol');
INSERT INTO User(account) VALUES ('symfuhny');
INSERT INTO User(account) VALUES ('qojqva');
INSERT INTO User(account) VALUES ('jeffhoogland');
INSERT INTO User(account) VALUES ('di1araas');
INSERT INTO User(account) VALUES ('isvolcano');
INSERT INTO User(account) VALUES ('admiralbahroo');
INSERT INTO User(account) VALUES ('jankos');
INSERT INTO User(account) VALUES ('minerva');
INSERT INTO User(account) VALUES ('towelliee');
INSERT INTO User(account) VALUES ('cozygam3r');
INSERT INTO User(account) VALUES ('tfblade');
INSERT INTO User(account) VALUES ('faux');
INSERT INTO User(account) VALUES ('folagorlives');
INSERT INTO User(account) VALUES ('lirik');
INSERT INTO User(account) VALUES ('bonjwa');
INSERT INTO User(account) VALUES ('simurgh');
INSERT INTO User(account) VALUES ('dogdog');
INSERT INTO User(account) VALUES ('wooxsolo');
INSERT INTO User(account) VALUES ('joyca');
INSERT INTO User(account) VALUES ('djmariio');
INSERT INTO User(account) VALUES ('smallant');
INSERT INTO User(account) VALUES ('rezonfn');
INSERT INTO User(account) VALUES ('zerkaa');
INSERT INTO User(account) VALUES ('keshaeuw');
INSERT INTO User(account) VALUES ('fl0m');
INSERT INTO User(account) VALUES ('upsetger');
INSERT INTO User(account) VALUES ('wakzlol');
INSERT INTO User(account) VALUES ('papaplatte');
INSERT INTO User(account) VALUES ('nikof');
INSERT INTO User(account) VALUES ('vedal987');
INSERT INTO User(account) VALUES ('stegi');
INSERT INTO User(account) VALUES ('mrsavage');
INSERT INTO User(account) VALUES ('ramiboyslive');
INSERT INTO User(account) VALUES ('hugodelire');
INSERT INTO User(account) VALUES ('crocodyletv');
INSERT INTO User(account) VALUES ('tiliaoficial');
INSERT INTO User(account) VALUES ('hasanabi');
INSERT INTO User(account) VALUES ('clix');
INSERT INTO User(account) VALUES ('domingo');
INSERT INTO User(account) VALUES ('runthefutmarket');
INSERT INTO User(account) VALUES ('rtgame');
INSERT INTO User(account) VALUES ('xfibii');
INSERT INTO User(account) VALUES ('desertbus');
INSERT INTO User(account) VALUES ('nicewigg');
INSERT INTO User(account) VALUES ('method');
INSERT INTO User(account) VALUES ('northernlion');
INSERT INTO User(account) VALUES ('dekkster');
INSERT INTO User(account) VALUES ('abugoku9999');
INSERT INTO User(account) VALUES ('anujbost');
INSERT INTO User(account) VALUES ('stoopzz');
INSERT INTO User(account) VALUES ('echo_esports');
INSERT INTO User(account) VALUES ('doktorfroid');
INSERT INTO User(account) VALUES ('hortyunderscore');
INSERT INTO User(account) VALUES ('strippin');
INSERT INTO User(account) VALUES ('derajn');
INSERT INTO User(account) VALUES ('absoluttlol');
INSERT INTO User(account) VALUES ('eliasn97');
INSERT INTO User(account) VALUES ('mistermv');
INSERT INTO User(account) VALUES ('hiswattson');
INSERT INTO User(account) VALUES ('gerardromero');
INSERT INTO User(account) VALUES ('blackoutz');
INSERT INTO User(account) VALUES ('missmikkaa');
INSERT INTO User(account) VALUES ('grubby');
INSERT INTO User(account) VALUES ('teamliquid');
INSERT INTO User(account) VALUES ('bystaxx');
INSERT INTO User(account) VALUES ('cct_cs');
INSERT INTO User(account) VALUES ('quinndota');
INSERT INTO User(account) VALUES ('farfadoxvevo');
INSERT INTO User(account) VALUES ('dantes');
INSERT INTO User(account) VALUES ('nozadah');
INSERT INTO User(account) VALUES ('badboyhalo');
INSERT INTO User(account) VALUES ('ricadam_lol');
INSERT INTO User(account) VALUES ('deusamir');
INSERT INTO User(account) VALUES ('terracid');
INSERT INTO User(account) VALUES ('ard');
INSERT INTO User(account) VALUES ('eslcs');
INSERT INTO User(account) VALUES ('khandbl');
INSERT INTO User(account) VALUES ('nisqyy');
INSERT INTO User(account) VALUES ('castcrafter');
INSERT INTO User(account) VALUES ('rafcarlito');
INSERT INTO User(account) VALUES ('samueletienne');
INSERT INTO User(account) VALUES ('podasai');
INSERT INTO User(account) VALUES ('xchocobars');
INSERT INTO User(account) VALUES ('dish');
INSERT INTO User(account) VALUES ('skyrroztv');
INSERT INTO User(account) VALUES ('mount');
INSERT INTO User(account) VALUES ('mickalow');
INSERT INTO User(account) VALUES ('talmo');
INSERT INTO User(account) VALUES ('doro44');
INSERT INTO User(account) VALUES ('axozer');
INSERT INTO User(account) VALUES ('nightblue3');
INSERT INTO User(account) VALUES ('mahluna');
INSERT INTO User(account) VALUES ('galeguins');
INSERT INTO User(account) VALUES ('stormen');
INSERT INTO User(account) VALUES ('shisheyu_mayamoto');
INSERT INTO User(account) VALUES ('pandemiadigital');
INSERT INTO User(account) VALUES ('viizzzm');
INSERT INTO User(account) VALUES ('alliopodcast');
INSERT INTO User(account) VALUES ('xarola_');
INSERT INTO User(account) VALUES ('zealsambitions');
INSERT INTO User(account) VALUES ('iamcristinini');
INSERT INTO User(account) VALUES ('superzomgbbq');
INSERT INTO User(account) VALUES ('kaytlien');
INSERT INTO User(account) VALUES ('sweetdreams');
INSERT INTO User(account) VALUES ('moondye7');
INSERT INTO User(account) VALUES ('bipbupxexa');
INSERT INTO User(account) VALUES ('jay3');
INSERT INTO User(account) VALUES ('markilokurasy');
INSERT INTO User(account) VALUES ('carola');
INSERT INTO User(account) VALUES ('solarbacca');
INSERT INTO User(account) VALUES ('kidi');
INSERT INTO User(account) VALUES ('smitegame');
INSERT INTO User(account) VALUES ('chocotaco');
INSERT INTO User(account) VALUES ('naguura');
INSERT INTO User(account) VALUES ('spear_shot');
INSERT INTO User(account) VALUES ('alexby11');
INSERT INTO User(account) VALUES ('knebeltv');
INSERT INTO User(account) VALUES ('mukluk');
INSERT INTO User(account) VALUES ('raxxanterax');
INSERT INTO User(account) VALUES ('agustabell212');
INSERT INTO User(account) VALUES ('bbreadman');
INSERT INTO User(account) VALUES ('incon');
INSERT INTO User(account) VALUES ('fariaalinago');
INSERT INTO User(account) VALUES ('tyrone1mc');
INSERT INTO User(account) VALUES ('ray');
INSERT INTO User(account) VALUES ('sparkofphoenixtv');
INSERT INTO User(account) VALUES ('axuihudsons');
INSERT INTO User(account) VALUES ('gaambblevoord');
INSERT INTO User(account) VALUES ('itswill');
INSERT INTO User(account) VALUES ('thyslotfather');
INSERT INTO User(account) VALUES ('mortenroyale');
INSERT INTO User(account) VALUES ('blitzstream');
INSERT INTO User(account) VALUES ('solaryhs');
INSERT INTO User(account) VALUES ('giantwaffle');
INSERT INTO User(account) VALUES ('olesyaliberman');
INSERT INTO User(account) VALUES ('anthonyz');
INSERT INTO User(account) VALUES ('emongg');
INSERT INTO User(account) VALUES ('abezy');
INSERT INTO User(account) VALUES ('soursweet');
INSERT INTO User(account) VALUES ('hexy');
INSERT INTO User(account) VALUES ('sypherpk');
INSERT INTO User(account) VALUES ('mathil1');
INSERT INTO User(account) VALUES ('zaelia');
INSERT INTO User(account) VALUES ('alexandercoccia');
INSERT INTO User(account) VALUES ('pestily');
INSERT INTO User(account) VALUES ('bmkibler');
INSERT INTO User(account) VALUES ('femimarss');
INSERT INTO User(account) VALUES ('imaqtpie');
INSERT INTO User(account) VALUES ('ipromx');
INSERT INTO User(account) VALUES ('kristinadaniellexo');
INSERT INTO User(account) VALUES ('mmorpg');
INSERT INTO User(account) VALUES ('tioshur');
INSERT INTO User(account) VALUES ('team_damian_richter');
INSERT INTO User(account) VALUES ('ojwtv');
INSERT INTO User(account) VALUES ('cruelladk');
INSERT INTO User(account) VALUES ('toadamarillo');
INSERT INTO User(account) VALUES ('cloakzy');
INSERT INTO User(account) VALUES ('itsjstn');
INSERT INTO User(account) VALUES ('noni');
INSERT INTO User(account) VALUES ('ahmpy');
INSERT INTO User(account) VALUES ('lucasjack89');
INSERT INTO User(account) VALUES ('perxitaa');
INSERT INTO User(account) VALUES ('dofla');
INSERT INTO User(account) VALUES ('oliviamonroe');
INSERT INTO User(account) VALUES ('ziqoftw');
INSERT INTO User(account) VALUES ('peereira7');
INSERT INTO User(account) VALUES ('octane');
INSERT INTO User(account) VALUES ('thekller');
INSERT INTO User(account) VALUES ('coreano');
INSERT INTO User(account) VALUES ('niklaswilson');
INSERT INTO User(account) VALUES ('wudijo');
INSERT INTO User(account) VALUES ('bruninzor');
INSERT INTO User(account) VALUES ('repoze');
INSERT INTO User(account) VALUES ('zigueira');
INSERT INTO User(account) VALUES ('tbjzl');
INSERT INTO User(account) VALUES ('diehahn');
INSERT INTO User(account) VALUES ('silithur');
INSERT INTO User(account) VALUES ('casinovatvs');
INSERT INTO User(account) VALUES ('ninja');
INSERT INTO User(account) VALUES ('tarik');
INSERT INTO User(account) VALUES ('emilyywang');
INSERT INTO User(account) VALUES ('jltomy');
INSERT INTO User(account) VALUES ('baitybait');

INSERT INTO Streamer(account, profilePicture, description) VALUES ('ninja', 'https://static-cdn.jtvnw.net/jtv_user_pictures/87a9b094-8e60-44a3-b79b-8e676494ba9d-profile_image-300x300.png', 'Ninja streams EVERYWHERE. Twitch, YouTube, Facebook, Twitter, Instagram & TikTok.');
INSERT INTO Streamer(account, profilePicture, description) VALUES ('gotaga', 'https://static-cdn.jtvnw.net/jtv_user_pictures/69e324f6-fc7d-4131-89ed-227a955637cf-profile_image-300x300.png', 'Je m’appelle Corentin Houssein, j''ai 30 ans et je suis un ancien joueur professionnel sur les opus Call Of Duty sous le pseudonyme Gotaga. De nombreuses fois champion d''Europe et de France, j''ai longtemps été le joueur français le plus titré sur consoles.');
INSERT INTO Streamer(account, profilePicture, description) VALUES ('ponce', 'https://static-cdn.jtvnw.net/jtv_user_pictures/d4737061-8f00-49d9-a56f-fcb4a9230b3f-profile_image-300x300.png', 'On se tape des immenses barres.');
INSERT INTO Streamer(account, profilePicture, description) VALUES ('tarik', 'https://static-cdn.jtvnw.net/jtv_user_pictures/f04d2a14-8d63-4cd5-a469-7ec2cd6e5ce3-profile_image-300x300.png', '');
INSERT INTO Streamer(account, profilePicture, description) VALUES ('noway4u_sir', 'https://static-cdn.jtvnw.net/jtv_user_pictures/9e619d88755f56a8-profile_image-300x300.png', 'Highelo League of Legends Content, schlechte Scherze und gemütliche Stimmung!');
INSERT INTO Streamer(account, profilePicture, description) VALUES ('emilyywang', 'https://static-cdn.jtvnw.net/jtv_user_pictures/cc3009a2-8873-4380-b7e2-6235d123ef99-profile_image-300x300.png', 'I stream TFT 5-6x a week! I also play valorant, community games and piano from time to time!');
INSERT INTO Streamer(account, profilePicture, description) VALUES ('jltomy', 'https://static-cdn.jtvnw.net/jtv_user_pictures/aa2bc80a-e317-494a-a94d-7492889e4f66-profile_image-300x300.png', 'j''sais pas ce que j''fout la');
INSERT INTO Streamer(account, profilePicture, description) VALUES ('baitybait', 'https://static-cdn.jtvnw.net/jtv_user_pictures/3227ad0b-9efe-49bd-bda9-88f683050a05-profile_image-300x300.png', 'Soy un creador de contenido que utiliza los videojuegos como excusa para hacer humor. Hablo de videojuegos en diferentes plataformas, pero sobre todo en formato vídeo');
INSERT INTO Streamer(account, profilePicture, description) VALUES ('disguisedtoast', 'https://static-cdn.jtvnw.net/jtv_user_pictures/87d3d6ea-da91-4bc5-a200-e85aea765cf8-profile_image-300x300.png', 'I''m Toast');
INSERT INTO Streamer(account, profilePicture, description) VALUES ('elajjaz', 'https://static-cdn.jtvnw.net/jtv_user_pictures/e85bf53e-8e0a-4a35-824d-d2958293c3a6-profile_image-300x300.png', 'Never late, always deathless.');
INSERT INTO Streamer(account, profilePicture, description) VALUES ('kant', 'https://static-cdn.jtvnw.net/jtv_user_pictures/30894823-3ace-4eb0-81d1-48bea30b73db-profile_image-300x300.png', '');
INSERT INTO Streamer(account, profilePicture, description) VALUES ('tangotek', 'https://static-cdn.jtvnw.net/jtv_user_pictures/tangotek-profile_image-ec825f6050d1e766-300x300.png', '');

INSERT INTO ChatRoom VALUES (1, 'slow', 10, 'ninja');
INSERT INTO ChatRoom VALUES (2, 'normal', NULL, 'gotaga');
INSERT INTO ChatRoom VALUES (3, 'slow', 40, 'ponce');
INSERT INTO ChatRoom VALUES (4, 'slow', 5, 'tarik');
INSERT INTO ChatRoom VALUES (5, 'normal', NULL, 'noway4u_sir');
INSERT INTO ChatRoom VALUES (6, 'normal', NULL, 'emilyywang');
INSERT INTO ChatRoom VALUES (7, 'normal', NULL, 'jltomy');
INSERT INTO ChatRoom VALUES (8, 'slow', 5, 'baitybait');
INSERT INTO ChatRoom VALUES (9, 'normal', NULL, 'disguisedtoast');
INSERT INTO ChatRoom VALUES (10, 'normal', NULL, 'elajjaz');
INSERT INTO ChatRoom VALUES (11, 'normal', NULL, 'kant');
INSERT INTO ChatRoom VALUES (12, 'slow', 30, 'tangotek');

INSERT INTO Follows VALUES ('badboyhalo', 'ninja');
INSERT INTO Follows VALUES ('baitybait', 'ninja');
INSERT INTO Follows VALUES ('doro44', 'ninja');
INSERT INTO Follows VALUES ('kaytlien', 'ninja');
INSERT INTO Follows VALUES ('pandemiadigital', 'ninja');
INSERT INTO Follows VALUES ('tyrone1mc', 'ninja');
INSERT INTO Follows VALUES ('bipbupxexa', 'ninja');
INSERT INTO Follows VALUES ('cruelladk', 'ninja');
INSERT INTO Follows VALUES ('iamcristinini', 'ninja');
INSERT INTO Follows VALUES ('galeguins', 'ninja');
INSERT INTO Follows VALUES ('mathil1', 'ninja');
INSERT INTO Follows VALUES ('minerva', 'ninja');
INSERT INTO Follows VALUES ('kristinadaniellexo', 'ninja');
INSERT INTO Follows VALUES ('ahmpy', 'ninja');
INSERT INTO Follows VALUES ('gerardromero', 'ninja');
INSERT INTO Follows VALUES ('stormen', 'ninja');
INSERT INTO Follows VALUES ('ramiboyslive', 'ninja');
INSERT INTO Follows VALUES ('castcrafter', 'ninja');
INSERT INTO Follows VALUES ('coreano', 'ninja');
INSERT INTO Follows VALUES ('casinovatvs', 'ninja');
INSERT INTO Follows VALUES ('mmorpg', 'ninja');
INSERT INTO Follows VALUES ('di1araas', 'ninja');
INSERT INTO Follows VALUES ('wankilstudio', 'ninja');
INSERT INTO Follows VALUES ('ziqoftw', 'ninja');
INSERT INTO Follows VALUES ('xchocobars', 'ninja');
INSERT INTO Follows VALUES ('perxitaa', 'ninja');
INSERT INTO Follows VALUES ('mount', 'ninja');
INSERT INTO Follows VALUES ('bastighg', 'ninja');
INSERT INTO Follows VALUES ('mistermv', 'ninja');
INSERT INTO Follows VALUES ('stoopzz', 'ninja');
INSERT INTO Follows VALUES ('alinity', 'ninja');
INSERT INTO Follows VALUES ('gabepeixe', 'ninja');
INSERT INTO Follows VALUES ('zerkaa', 'ninja');
INSERT INTO Follows VALUES ('fariaalinago', 'ninja');
INSERT INTO Follows VALUES ('anujbost', 'ninja');
INSERT INTO Follows VALUES ('naguura', 'ninja');
INSERT INTO Follows VALUES ('hugodelire', 'ninja');
INSERT INTO Follows VALUES ('dogdog', 'ninja');
INSERT INTO Follows VALUES ('bonjwa', 'ninja');
INSERT INTO Follows VALUES ('zealsambitions', 'ninja');
INSERT INTO Follows VALUES ('lars_tm', 'ninja');
INSERT INTO Follows VALUES ('thejrm_', 'ninja');
INSERT INTO Follows VALUES ('rtgame', 'ninja');
INSERT INTO Follows VALUES ('alexandercoccia', 'ninja');
INSERT INTO Follows VALUES ('lirik', 'ninja');
INSERT INTO Follows VALUES ('hiswattson', 'ninja');
INSERT INTO Follows VALUES ('agustin51', 'ninja');
INSERT INTO Follows VALUES ('wudijo', 'ninja');
INSERT INTO Follows VALUES ('keshaeuw', 'ninja');
INSERT INTO Follows VALUES ('qojqva', 'ninja');
INSERT INTO Follows VALUES ('fl0m', 'ninja');
INSERT INTO Follows VALUES ('bystaxx', 'ninja');
INSERT INTO Follows VALUES ('foolish', 'ninja');
INSERT INTO Follows VALUES ('towelliee', 'ninja');
INSERT INTO Follows VALUES ('ricadam_lol', 'ninja');
INSERT INTO Follows VALUES ('crocodyletv', 'ninja');
INSERT INTO Follows VALUES ('admiralbahroo', 'ninja');
INSERT INTO Follows VALUES ('zerator', 'ninja');
INSERT INTO Follows VALUES ('towelliee', 'gotaga');
INSERT INTO Follows VALUES ('octane', 'gotaga');
INSERT INTO Follows VALUES ('ray', 'gotaga');
INSERT INTO Follows VALUES ('stegi', 'gotaga');
INSERT INTO Follows VALUES ('badboyhalo', 'gotaga');
INSERT INTO Follows VALUES ('lucasjack89', 'gotaga');
INSERT INTO Follows VALUES ('femimarss', 'gotaga');
INSERT INTO Follows VALUES ('ninja', 'gotaga');
INSERT INTO Follows VALUES ('solarbacca', 'gotaga');
INSERT INTO Follows VALUES ('fl0m', 'gotaga');
INSERT INTO Follows VALUES ('upsetger', 'gotaga');
INSERT INTO Follows VALUES ('lars_tm', 'gotaga');
INSERT INTO Follows VALUES ('method', 'gotaga');
INSERT INTO Follows VALUES ('itswill', 'gotaga');
INSERT INTO Follows VALUES ('silithur', 'gotaga');
INSERT INTO Follows VALUES ('blitzstream', 'gotaga');
INSERT INTO Follows VALUES ('chocotaco', 'gotaga');
INSERT INTO Follows VALUES ('abugoku9999', 'gotaga');
INSERT INTO Follows VALUES ('rafcarlito', 'gotaga');
INSERT INTO Follows VALUES ('eslcs', 'gotaga');
INSERT INTO Follows VALUES ('crocodyletv', 'gotaga');
INSERT INTO Follows VALUES ('fitmc', 'gotaga');
INSERT INTO Follows VALUES ('eliasn97', 'gotaga');
INSERT INTO Follows VALUES ('talmo', 'gotaga');
INSERT INTO Follows VALUES ('mahluna', 'gotaga');
INSERT INTO Follows VALUES ('jay3', 'gotaga');
INSERT INTO Follows VALUES ('casinovatvs', 'gotaga');
INSERT INTO Follows VALUES ('gerardromero', 'gotaga');
INSERT INTO Follows VALUES ('spear_shot', 'gotaga');
INSERT INTO Follows VALUES ('thejrm_', 'gotaga');
INSERT INTO Follows VALUES ('agustin51', 'gotaga');
INSERT INTO Follows VALUES ('nightblue3', 'gotaga');
INSERT INTO Follows VALUES ('carola', 'gotaga');
INSERT INTO Follows VALUES ('ramiboyslive', 'gotaga');
INSERT INTO Follows VALUES ('moondye7', 'gotaga');
INSERT INTO Follows VALUES ('dish', 'gotaga');
INSERT INTO Follows VALUES ('samueletienne', 'gotaga');
INSERT INTO Follows VALUES ('mizkif', 'gotaga');
INSERT INTO Follows VALUES ('bonjwa', 'gotaga');
INSERT INTO Follows VALUES ('gabepeixe', 'gotaga');
INSERT INTO Follows VALUES ('philza', 'gotaga');
INSERT INTO Follows VALUES ('xarola_', 'gotaga');
INSERT INTO Follows VALUES ('lilsimsie', 'gotaga');
INSERT INTO Follows VALUES ('kidi', 'gotaga');
INSERT INTO Follows VALUES ('dantes', 'ponce');
INSERT INTO Follows VALUES ('podasai', 'ponce');
INSERT INTO Follows VALUES ('abezy', 'ponce');
INSERT INTO Follows VALUES ('jay3', 'ponce');
INSERT INTO Follows VALUES ('otzdarva', 'ponce');
INSERT INTO Follows VALUES ('jltomy', 'ponce');
INSERT INTO Follows VALUES ('zaelia', 'ponce');
INSERT INTO Follows VALUES ('niklaswilson', 'ponce');
INSERT INTO Follows VALUES ('alexandercoccia', 'ponce');
INSERT INTO Follows VALUES ('peereira7', 'ponce');
INSERT INTO Follows VALUES ('mistermv', 'ponce');
INSERT INTO Follows VALUES ('moondye7', 'ponce');
INSERT INTO Follows VALUES ('wooxsolo', 'ponce');
INSERT INTO Follows VALUES ('badboyhalo', 'ponce');
INSERT INTO Follows VALUES ('fl0m', 'ponce');
INSERT INTO Follows VALUES ('repoze', 'ponce');
INSERT INTO Follows VALUES ('agustin51', 'ponce');
INSERT INTO Follows VALUES ('simurgh', 'ponce');
INSERT INTO Follows VALUES ('clix', 'ponce');
INSERT INTO Follows VALUES ('rubius', 'ponce');
INSERT INTO Follows VALUES ('alliopodcast', 'ponce');
INSERT INTO Follows VALUES ('skyrroztv', 'ponce');
INSERT INTO Follows VALUES ('femimarss', 'ponce');
INSERT INTO Follows VALUES ('ziqoftw', 'ponce');
INSERT INTO Follows VALUES ('samueletienne', 'ponce');
INSERT INTO Follows VALUES ('wudijo', 'ponce');
INSERT INTO Follows VALUES ('echo_esports', 'ponce');
INSERT INTO Follows VALUES ('emongg', 'ponce');
INSERT INTO Follows VALUES ('nozadah', 'ponce');
INSERT INTO Follows VALUES ('di1araas', 'ponce');
INSERT INTO Follows VALUES ('strippin', 'ponce');
INSERT INTO Follows VALUES ('ayellol', 'ponce');
INSERT INTO Follows VALUES ('mizkif', 'ponce');
INSERT INTO Follows VALUES ('ohnepixel', 'ponce');
INSERT INTO Follows VALUES ('pestily', 'ponce');
INSERT INTO Follows VALUES ('anujbost', 'ponce');
INSERT INTO Follows VALUES ('cruelladk', 'ponce');
INSERT INTO Follows VALUES ('diehahn', 'ponce');
INSERT INTO Follows VALUES ('baitybait', 'ponce');
INSERT INTO Follows VALUES ('papaplatte', 'ponce');
INSERT INTO Follows VALUES ('fitmc', 'ponce');
INSERT INTO Follows VALUES ('joyca', 'tarik');
INSERT INTO Follows VALUES ('philza', 'tarik');
INSERT INTO Follows VALUES ('nightblue3', 'tarik');
INSERT INTO Follows VALUES ('rubius', 'tarik');
INSERT INTO Follows VALUES ('markilokurasy', 'tarik');
INSERT INTO Follows VALUES ('stormen', 'tarik');
INSERT INTO Follows VALUES ('farfadoxvevo', 'tarik');
INSERT INTO Follows VALUES ('mahluna', 'tarik');
INSERT INTO Follows VALUES ('upsetger', 'tarik');
INSERT INTO Follows VALUES ('ojwtv', 'tarik');
INSERT INTO Follows VALUES ('bastighg', 'tarik');
INSERT INTO Follows VALUES ('zackrawrr', 'tarik');
INSERT INTO Follows VALUES ('foolish', 'tarik');
INSERT INTO Follows VALUES ('olesyaliberman', 'tarik');
INSERT INTO Follows VALUES ('smitegame', 'tarik');
INSERT INTO Follows VALUES ('lilsimsie', 'tarik');
INSERT INTO Follows VALUES ('emongg', 'tarik');
INSERT INTO Follows VALUES ('lucasjack89', 'tarik');
INSERT INTO Follows VALUES ('diehahn', 'tarik');
INSERT INTO Follows VALUES ('bmkibler', 'tarik');
INSERT INTO Follows VALUES ('lirik', 'tarik');
INSERT INTO Follows VALUES ('moondye7', 'tarik');
INSERT INTO Follows VALUES ('lars_tm', 'tarik');
INSERT INTO Follows VALUES ('spear_shot', 'tarik');
INSERT INTO Follows VALUES ('tyrone1mc', 'tarik');
INSERT INTO Follows VALUES ('deusamir', 'tarik');
INSERT INTO Follows VALUES ('alexandercoccia', 'tarik');
INSERT INTO Follows VALUES ('bbreadman', 'tarik');
INSERT INTO Follows VALUES ('stegi', 'tarik');
INSERT INTO Follows VALUES ('axuihudsons', 'tarik');
INSERT INTO Follows VALUES ('oliviamonroe', 'tarik');
INSERT INTO Follows VALUES ('cruelladk', 'tarik');
INSERT INTO Follows VALUES ('dish', 'tarik');
INSERT INTO Follows VALUES ('iamcristinini', 'noway4u_sir');
INSERT INTO Follows VALUES ('mathil1', 'noway4u_sir');
INSERT INTO Follows VALUES ('naguura', 'noway4u_sir');
INSERT INTO Follows VALUES ('anthonyz', 'noway4u_sir');
INSERT INTO Follows VALUES ('xcry', 'noway4u_sir');
INSERT INTO Follows VALUES ('eslcs', 'noway4u_sir');
INSERT INTO Follows VALUES ('ziqoftw', 'noway4u_sir');
INSERT INTO Follows VALUES ('xchocobars', 'noway4u_sir');
INSERT INTO Follows VALUES ('solaryhs', 'noway4u_sir');
INSERT INTO Follows VALUES ('incon', 'noway4u_sir');
INSERT INTO Follows VALUES ('wudijo', 'noway4u_sir');
INSERT INTO Follows VALUES ('mukluk', 'noway4u_sir');
INSERT INTO Follows VALUES ('agustabell212', 'noway4u_sir');
INSERT INTO Follows VALUES ('echo_esports', 'noway4u_sir');
INSERT INTO Follows VALUES ('fariaalinago', 'noway4u_sir');
INSERT INTO Follows VALUES ('shisheyu_mayamoto', 'noway4u_sir');
INSERT INTO Follows VALUES ('casinovatvs', 'noway4u_sir');
INSERT INTO Follows VALUES ('alliopodcast', 'noway4u_sir');
INSERT INTO Follows VALUES ('ninja', 'noway4u_sir');
INSERT INTO Follows VALUES ('axuihudsons', 'noway4u_sir');
INSERT INTO Follows VALUES ('cct_cs', 'noway4u_sir');
INSERT INTO Follows VALUES ('badboyhalo', 'noway4u_sir');
INSERT INTO Follows VALUES ('sypherpk', 'noway4u_sir');
INSERT INTO Follows VALUES ('domingo', 'noway4u_sir');
INSERT INTO Follows VALUES ('spear_shot', 'noway4u_sir');
INSERT INTO Follows VALUES ('bbreadman', 'noway4u_sir');
INSERT INTO Follows VALUES ('ard', 'noway4u_sir');
INSERT INTO Follows VALUES ('gerardromero', 'noway4u_sir');
INSERT INTO Follows VALUES ('lars_tm', 'noway4u_sir');
INSERT INTO Follows VALUES ('joueur_du_grenier', 'noway4u_sir');
INSERT INTO Follows VALUES ('agustin51', 'noway4u_sir');
INSERT INTO Follows VALUES ('bmkibler', 'noway4u_sir');
INSERT INTO Follows VALUES ('towelliee', 'noway4u_sir');
INSERT INTO Follows VALUES ('grubby', 'emilyywang');
INSERT INTO Follows VALUES ('ayellol', 'emilyywang');
INSERT INTO Follows VALUES ('otzdarva', 'emilyywang');
INSERT INTO Follows VALUES ('mukluk', 'emilyywang');
INSERT INTO Follows VALUES ('agustabell212', 'emilyywang');
INSERT INTO Follows VALUES ('papaplatte', 'emilyywang');
INSERT INTO Follows VALUES ('nisqyy', 'emilyywang');
INSERT INTO Follows VALUES ('alinity', 'emilyywang');
INSERT INTO Follows VALUES ('zigueira', 'emilyywang');
INSERT INTO Follows VALUES ('soursweet', 'emilyywang');
INSERT INTO Follows VALUES ('foolish', 'emilyywang');
INSERT INTO Follows VALUES ('simurgh', 'emilyywang');
INSERT INTO Follows VALUES ('hasanabi', 'emilyywang');
INSERT INTO Follows VALUES ('alanzoka', 'emilyywang');
INSERT INTO Follows VALUES ('itswill', 'emilyywang');
INSERT INTO Follows VALUES ('wankilstudio', 'emilyywang');
INSERT INTO Follows VALUES ('noni', 'emilyywang');
INSERT INTO Follows VALUES ('jltomy', 'emilyywang');
INSERT INTO Follows VALUES ('naguura', 'emilyywang');
INSERT INTO Follows VALUES ('blitzstream', 'emilyywang');
INSERT INTO Follows VALUES ('rtgame', 'emilyywang');
INSERT INTO Follows VALUES ('sparkofphoenixtv', 'emilyywang');
INSERT INTO Follows VALUES ('fl0m', 'emilyywang');
INSERT INTO Follows VALUES ('agustin51', 'emilyywang');
INSERT INTO Follows VALUES ('symfuhny', 'emilyywang');
INSERT INTO Follows VALUES ('xchocobars', 'emilyywang');
INSERT INTO Follows VALUES ('teamliquid', 'emilyywang');
INSERT INTO Follows VALUES ('di1araas', 'emilyywang');
INSERT INTO Follows VALUES ('skyrroztv', 'emilyywang');
INSERT INTO Follows VALUES ('zerkaa', 'emilyywang');
INSERT INTO Follows VALUES ('mrsavage', 'emilyywang');
INSERT INTO Follows VALUES ('silithur', 'jltomy');
INSERT INTO Follows VALUES ('therunningmanz', 'jltomy');
INSERT INTO Follows VALUES ('tiliaoficial', 'jltomy');
INSERT INTO Follows VALUES ('ramiboyslive', 'jltomy');
INSERT INTO Follows VALUES ('skyrroztv', 'jltomy');
INSERT INTO Follows VALUES ('zealsambitions', 'jltomy');
INSERT INTO Follows VALUES ('strippin', 'jltomy');
INSERT INTO Follows VALUES ('alexandercoccia', 'jltomy');
INSERT INTO Follows VALUES ('mizkif', 'jltomy');
INSERT INTO Follows VALUES ('lucasjack89', 'jltomy');
INSERT INTO Follows VALUES ('smitegame', 'jltomy');
INSERT INTO Follows VALUES ('imaqtpie', 'jltomy');
INSERT INTO Follows VALUES ('hiswattson', 'jltomy');
INSERT INTO Follows VALUES ('folagorlives', 'jltomy');
INSERT INTO Follows VALUES ('emilyywang', 'jltomy');
INSERT INTO Follows VALUES ('hasanabi', 'jltomy');
INSERT INTO Follows VALUES ('terracid', 'jltomy');
INSERT INTO Follows VALUES ('wooxsolo', 'jltomy');
INSERT INTO Follows VALUES ('method', 'jltomy');
INSERT INTO Follows VALUES ('niklaswilson', 'jltomy');
INSERT INTO Follows VALUES ('smallant', 'jltomy');
INSERT INTO Follows VALUES ('ziqoftw', 'jltomy');
INSERT INTO Follows VALUES ('khandbl', 'jltomy');
INSERT INTO Follows VALUES ('insym', 'jltomy');
INSERT INTO Follows VALUES ('incon', 'jltomy');
INSERT INTO Follows VALUES ('missmikkaa', 'jltomy');
INSERT INTO Follows VALUES ('teamliquid', 'jltomy');
INSERT INTO Follows VALUES ('hortyunderscore', 'jltomy');
INSERT INTO Follows VALUES ('raxxanterax', 'jltomy');
INSERT INTO Follows VALUES ('viizzzm', 'jltomy');
INSERT INTO Follows VALUES ('badboyhalo', 'jltomy');
INSERT INTO Follows VALUES ('thejrm_', 'baitybait');
INSERT INTO Follows VALUES ('coreano', 'baitybait');
INSERT INTO Follows VALUES ('wooxsolo', 'baitybait');
INSERT INTO Follows VALUES ('naguura', 'baitybait');
INSERT INTO Follows VALUES ('folagorlives', 'baitybait');
INSERT INTO Follows VALUES ('badboyhalo', 'baitybait');
INSERT INTO Follows VALUES ('method', 'baitybait');
INSERT INTO Follows VALUES ('iamcristinini', 'baitybait');
INSERT INTO Follows VALUES ('tioshur', 'baitybait');
INSERT INTO Follows VALUES ('tiliaoficial', 'baitybait');
INSERT INTO Follows VALUES ('simurgh', 'baitybait');
INSERT INTO Follows VALUES ('therunningmanz', 'baitybait');
INSERT INTO Follows VALUES ('clix', 'baitybait');
INSERT INTO Follows VALUES ('zerkaa', 'baitybait');
INSERT INTO Follows VALUES ('xfibii', 'baitybait');
INSERT INTO Follows VALUES ('sweetdreams', 'baitybait');
INSERT INTO Follows VALUES ('vedal987', 'baitybait');
INSERT INTO Follows VALUES ('insym', 'baitybait');
INSERT INTO Follows VALUES ('dofla', 'baitybait');
INSERT INTO Follows VALUES ('abezy', 'disguisedtoast');
INSERT INTO Follows VALUES ('mrsavage', 'disguisedtoast');
INSERT INTO Follows VALUES ('baitybait', 'disguisedtoast');
INSERT INTO Follows VALUES ('hexy', 'disguisedtoast');
INSERT INTO Follows VALUES ('teamliquid', 'disguisedtoast');
INSERT INTO Follows VALUES ('agustin51', 'disguisedtoast');
INSERT INTO Follows VALUES ('shisheyu_mayamoto', 'disguisedtoast');
INSERT INTO Follows VALUES ('noni', 'disguisedtoast');
INSERT INTO Follows VALUES ('dish', 'disguisedtoast');
INSERT INTO Follows VALUES ('mukluk', 'disguisedtoast');
INSERT INTO Follows VALUES ('thyslotfather', 'disguisedtoast');
INSERT INTO Follows VALUES ('casinovatvs', 'disguisedtoast');
INSERT INTO Follows VALUES ('cct_cs', 'disguisedtoast');
INSERT INTO Follows VALUES ('desertbus', 'disguisedtoast');
INSERT INTO Follows VALUES ('anthonyz', 'elajjaz');
INSERT INTO Follows VALUES ('echo_esports', 'elajjaz');
INSERT INTO Follows VALUES ('bastighg', 'elajjaz');
INSERT INTO Follows VALUES ('emongg', 'elajjaz');
INSERT INTO Follows VALUES ('method', 'elajjaz');
INSERT INTO Follows VALUES ('jay3', 'elajjaz');
INSERT INTO Follows VALUES ('soursweet', 'elajjaz');
INSERT INTO Follows VALUES ('mmorpg', 'elajjaz');
INSERT INTO Follows VALUES ('itsjstn', 'elajjaz');
INSERT INTO Follows VALUES ('hortyunderscore', 'elajjaz');
INSERT INTO Follows VALUES ('jankos', 'elajjaz');
INSERT INTO Follows VALUES ('zigueira', 'elajjaz');
INSERT INTO Follows VALUES ('ahmpy', 'elajjaz');
INSERT INTO Follows VALUES ('diehahn', 'kant');
INSERT INTO Follows VALUES ('bystaxx', 'kant');
INSERT INTO Follows VALUES ('castcrafter', 'kant');
INSERT INTO Follows VALUES ('rafcarlito', 'kant');
INSERT INTO Follows VALUES ('oliviamonroe', 'kant');
INSERT INTO Follows VALUES ('clix', 'kant');
INSERT INTO Follows VALUES ('solarbacca', 'kant');
INSERT INTO Follows VALUES ('itsjstn', 'kant');
INSERT INTO Follows VALUES ('hortyunderscore', 'kant');
INSERT INTO Follows VALUES ('bbreadman', 'kant');
INSERT INTO Follows VALUES ('itsjstn', 'tangotek');
INSERT INTO Follows VALUES ('nicewigg', 'tangotek');
INSERT INTO Follows VALUES ('desertbus', 'tangotek');
INSERT INTO Follows VALUES ('xfibii', 'tangotek');
INSERT INTO Follows VALUES ('eliasn97', 'tangotek');
INSERT INTO Follows VALUES ('tioshur', 'tangotek');

UPDATE Streamer SET numFollowers=58 WHERE account='ninja';
UPDATE Streamer SET numFollowers=44 WHERE account='gotaga';
UPDATE Streamer SET numFollowers=41 WHERE account='ponce';
UPDATE Streamer SET numFollowers=33 WHERE account='tarik';
UPDATE Streamer SET numFollowers=33 WHERE account='noway4u_sir';
UPDATE Streamer SET numFollowers=31 WHERE account='emilyywang';
UPDATE Streamer SET numFollowers=31 WHERE account='jltomy';
UPDATE Streamer SET numFollowers=19 WHERE account='baitybait';
UPDATE Streamer SET numFollowers=14 WHERE account='disguisedtoast';
UPDATE Streamer SET numFollowers=13 WHERE account='elajjaz';
UPDATE Streamer SET numFollowers=10 WHERE account='kant';
UPDATE Streamer SET numFollowers=6 WHERE account='tangotek';

INSERT INTO Tier VALUES (1, 4.99);
INSERT INTO Tier VALUES (2, 9.99);
INSERT INTO Tier VALUES (3, 24.99);

INSERT INTO Subscription VALUES ('doro44', 'ninja', 2, '2018-02-02 18:16:06', '2024-02-02 18:16:06');
INSERT INTO Subscription VALUES ('pandemiadigital', 'ninja', 1, '2023-08-11 13:30:01', '2024-08-11 13:30:01');
INSERT INTO Subscription VALUES ('cruelladk', 'ninja', 1, '2015-09-02 12:47:10', '2024-09-02 12:47:10');
INSERT INTO Subscription VALUES ('iamcristinini', 'ninja', 3, '2021-09-11 21:18:33', '2024-09-11 21:18:33');
INSERT INTO Subscription VALUES ('anujbost', 'ninja', 1, '2022-05-04 17:53:28', '2023-12-04 17:53:28');
INSERT INTO Subscription VALUES ('hugodelire', 'ninja', 2, '2014-11-25 07:25:20', '2023-11-25 07:25:20');
INSERT INTO Subscription VALUES ('lirik', 'ninja', 1, '2012-05-26 17:57:01', '2024-05-26 17:57:01');
INSERT INTO Subscription VALUES ('qojqva', 'ninja', 1, '2018-04-20 10:33:45', '2023-11-20 10:33:45');
INSERT INTO Subscription VALUES ('bystaxx', 'ninja', 1, '2021-03-02 07:38:41', '2023-12-02 07:38:41');
INSERT INTO Subscription VALUES ('talmo', 'gotaga', 1, '2016-05-24 03:05:58', '2023-11-24 03:05:58');
INSERT INTO Subscription VALUES ('gerardromero', 'gotaga', 1, '2023-07-29 12:05:24', '2023-11-29 12:05:24');
INSERT INTO Subscription VALUES ('moondye7', 'gotaga', 2, '2015-03-01 05:42:19', '2023-12-01 05:42:19');
INSERT INTO Subscription VALUES ('bonjwa', 'gotaga', 1, '2023-05-01 02:27:31', '2023-12-01 02:27:31');
INSERT INTO Subscription VALUES ('kidi', 'gotaga', 1, '2016-09-20 23:55:33', '2024-09-20 23:55:33');
INSERT INTO Subscription VALUES ('moondye7', 'ponce', 1, '2018-12-04 00:11:19', '2023-12-04 00:11:19');
INSERT INTO Subscription VALUES ('wooxsolo', 'ponce', 1, '2020-11-28 23:52:19', '2023-11-28 23:52:19');
INSERT INTO Subscription VALUES ('fl0m', 'ponce', 2, '2022-05-03 04:55:58', '2023-12-03 04:55:58');
INSERT INTO Subscription VALUES ('di1araas', 'ponce', 1, '2023-10-28 16:04:31', '2024-10-28 16:04:31');
INSERT INTO Subscription VALUES ('anujbost', 'ponce', 3, '2015-03-30 16:39:45', '2024-03-30 16:39:45');
INSERT INTO Subscription VALUES ('papaplatte', 'ponce', 1, '2022-03-15 18:06:01', '2024-03-15 18:06:01');
INSERT INTO Subscription VALUES ('olesyaliberman', 'tarik', 1, '2021-10-28 06:56:19', '2023-11-28 06:56:19');
INSERT INTO Subscription VALUES ('smitegame', 'tarik', 1, '2012-11-13 06:41:33', '2024-11-13 06:41:33');
INSERT INTO Subscription VALUES ('emongg', 'tarik', 2, '2015-09-18 20:13:17', '2024-09-18 20:13:17');
INSERT INTO Subscription VALUES ('deusamir', 'tarik', 1, '2018-08-11 19:46:26', '2023-12-11 19:46:26');
INSERT INTO Subscription VALUES ('oliviamonroe', 'tarik', 1, '2022-06-04 06:55:56', '2024-06-04 06:55:56');
INSERT INTO Subscription VALUES ('shisheyu_mayamoto', 'noway4u_sir', 1, '2018-11-15 20:30:33', '2023-12-15 20:30:33');
INSERT INTO Subscription VALUES ('zigueira', 'emilyywang', 1, '2021-05-11 02:43:21', '2024-05-11 02:43:21');
INSERT INTO Subscription VALUES ('hasanabi', 'emilyywang', 1, '2023-10-30 22:37:37', '2023-11-30 22:37:37');
INSERT INTO Subscription VALUES ('noni', 'emilyywang', 3, '2023-08-20 23:21:01', '2024-08-20 23:21:01');
INSERT INTO Subscription VALUES ('teamliquid', 'emilyywang', 1, '2020-03-31 18:42:24', '2023-11-30 18:42:24');
INSERT INTO Subscription VALUES ('alexandercoccia', 'jltomy', 1, '2020-04-06 14:08:25', '2024-04-06 14:08:25');
INSERT INTO Subscription VALUES ('hiswattson', 'jltomy', 1, '2017-11-03 10:42:07', '2023-12-03 10:42:07');
INSERT INTO Subscription VALUES ('khandbl', 'jltomy', 2, '2021-03-16 17:46:38', '2023-12-16 17:46:38');
INSERT INTO Subscription VALUES ('iamcristinini', 'baitybait', 2, '2023-01-22 20:06:30', '2024-01-22 20:06:30');
INSERT INTO Subscription VALUES ('tiliaoficial', 'baitybait', 1, '2023-09-21 00:33:24', '2023-11-21 00:33:24');
INSERT INTO Subscription VALUES ('dofla', 'baitybait', 2, '2020-11-16 17:12:12', '2024-11-16 17:12:12');
INSERT INTO Subscription VALUES ('baitybait', 'disguisedtoast', 1, '2021-09-07 08:47:45', '2023-12-07 08:47:45');
INSERT INTO Subscription VALUES ('agustin51', 'disguisedtoast', 1, '2016-03-27 02:10:58', '2024-03-27 02:10:58');
INSERT INTO Subscription VALUES ('desertbus', 'disguisedtoast', 1, '2021-06-28 03:52:10', '2024-06-28 03:52:10');
INSERT INTO Subscription VALUES ('itsjstn', 'elajjaz', 1, '2019-05-20 21:00:58', '2024-05-20 21:00:58');
INSERT INTO Subscription VALUES ('rafcarlito', 'kant', 2, '2023-11-14 04:57:42', '2023-12-14 04:57:42');
INSERT INTO Subscription VALUES ('clix', 'kant', 1, '2020-12-05 11:45:26', '2023-12-05 11:45:26');
INSERT INTO Subscription VALUES ('tioshur', 'tangotek', 2, '2021-11-07 16:29:42', '2023-12-07 16:29:42');

INSERT INTO StreamCategory(name) VALUES ('League of Legends');
INSERT INTO StreamCategory(name) VALUES ('VALORANT');
INSERT INTO StreamCategory(name) VALUES ('Maitre des Fleurs');
INSERT INTO StreamCategory(name) VALUES ('The Last Faith');
INSERT INTO StreamCategory(name) VALUES ('American Arcadia');
INSERT INTO StreamCategory(name) VALUES ('Fortnite');
INSERT INTO StreamCategory(name) VALUES ('Just Chatting');
INSERT INTO StreamCategory(name) VALUES ('Minecraft');

INSERT INTO Stream VALUES (1, 'ninja', 'Fortnite', 'BIG 12 HR STREAM TODAY', '2023-11-15 16:39:07', 'en', 0);
INSERT INTO Stream VALUES (2, 'gotaga', 'Fortnite', 'On train avec Inoxtag ! Du tryhard et rien d''autre...', '2023-11-15 20:18:14', 'fr', 0);
INSERT INTO Stream VALUES (3, 'ponce', 'Maitre des Fleurs', 'Maitre des Fleurs spécial avec AntoineDaniel', '2023-11-15 19:00:40', 'fr', 0);
INSERT INTO Stream VALUES (4, 'tarik', 'VALORANT', 'playing in SEN', '2023-11-15 19:14:07', 'en', 0);
INSERT INTO Stream VALUES (5, 'noway4u_sir', 'League of Legends', 'A-Z Korea - Naafiri 0:0', '2023-11-15 16:06:06', 'de', 0);
INSERT INTO Stream VALUES (6, 'emilyywang', 'Just Chatting', 'COFFEE BREAK WITH DUNKIN and TheHungerService', '2023-11-15 19:45:09', 'en', 0);
INSERT INTO Stream VALUES (7, 'jltomy', 'Just Chatting', 'World Tour : Los Angeles J-1 - LIVE IRL !', '2023-11-15 21:05:52', 'fr', 0);
INSERT INTO Stream VALUES (8, 'elajjaz', 'The Last Faith', 'The Last Faith launch! Speedrun competition against distortion2', '2023-11-15 14:42:02', 'en', 0);
INSERT INTO Stream VALUES (9, 'baitybait', 'American Arcadia', 'Vamos a ver creadores de contenido falsos', '2023-11-15 18:31:36', 'es', 0);
INSERT INTO Stream VALUES (10, 'disguisedtoast', 'Just Chatting', 'Big DSG Rebrand Announcement.', '2023-11-15 19:44:45', 'en', 0);
INSERT INTO Stream VALUES (11, 'tangotek', 'Minecraft', 'Maybe Hang with Zed? Maybe Work on the Dungeon?', '2023-11-15 18:57:25', 'en', 0);

INSERT INTO Tag VALUES ('FUTURERANK1');
INSERT INTO Tag VALUES ('season5');
INSERT INTO Tag VALUES ('Professional');
INSERT INTO Tag VALUES ('COMPETITIVE');
INSERT INTO Tag VALUES ('Joblife');
INSERT INTO Tag VALUES ('ogfortnite');
INSERT INTO Tag VALUES ('Français');
INSERT INTO Tag VALUES ('Competitive');
INSERT INTO Tag VALUES ('battleroyale');
INSERT INTO Tag VALUES ('ninja');
INSERT INTO Tag VALUES ('Deutsch');
INSERT INTO Tag VALUES ('FUTUREWORLDSWINNER');
INSERT INTO Tag VALUES ('Funny');
INSERT INTO Tag VALUES ('Fortnite');
INSERT INTO Tag VALUES ('Gamer');
INSERT INTO Tag VALUES ('Español');
INSERT INTO Tag VALUES ('English');

INSERT INTO HasTag(stream, tag) VALUES (1, 'English');
INSERT INTO HasTag(stream, tag) VALUES (1, 'Fortnite');
INSERT INTO HasTag(stream, tag) VALUES (1, 'ninja');
INSERT INTO HasTag(stream, tag) VALUES (1, 'Gamer');
INSERT INTO HasTag(stream, tag) VALUES (1, 'Funny');
INSERT INTO HasTag(stream, tag) VALUES (1, 'Professional');
INSERT INTO HasTag(stream, tag) VALUES (1, 'battleroyale');
INSERT INTO HasTag(stream, tag) VALUES (1, 'Competitive');
INSERT INTO HasTag(stream, tag) VALUES (1, 'season5');
INSERT INTO HasTag(stream, tag) VALUES (1, 'ogfortnite');
INSERT INTO HasTag(stream, tag) VALUES (2, 'Français');
INSERT INTO HasTag(stream, tag) VALUES (3, 'Français');
INSERT INTO HasTag(stream, tag) VALUES (4, 'English');
INSERT INTO HasTag(stream, tag) VALUES (5, 'Deutsch');
INSERT INTO HasTag(stream, tag) VALUES (6, 'FUTUREWORLDSWINNER');
INSERT INTO HasTag(stream, tag) VALUES (6, 'FUTURERANK1');
INSERT INTO HasTag(stream, tag) VALUES (6, 'COMPETITIVE');
INSERT INTO HasTag(stream, tag) VALUES (6, 'English');
INSERT INTO HasTag(stream, tag) VALUES (7, 'Français');
INSERT INTO HasTag(stream, tag) VALUES (7, 'Joblife');
INSERT INTO HasTag(stream, tag) VALUES (8, 'English');
INSERT INTO HasTag(stream, tag) VALUES (9, 'Español');
INSERT INTO HasTag(stream, tag) VALUES (10, 'English');
INSERT INTO HasTag(stream, tag) VALUES (11, 'English');

INSERT INTO Views VALUES ('rubius', 3);
INSERT INTO Views VALUES ('alanzoka', 3);
INSERT INTO Views VALUES ('philza', 1);
INSERT INTO Views VALUES ('ohnepixel', 3);
INSERT INTO Views VALUES ('gabepeixe', 2);
INSERT INTO Views VALUES ('wuant', 2);
INSERT INTO Views VALUES ('otzdarva', 3);
INSERT INTO Views VALUES ('joueur_du_grenier', 5);
INSERT INTO Views VALUES ('foolish', 4);
INSERT INTO Views VALUES ('insym', 2);
INSERT INTO Views VALUES ('lilsimsie', 2);
INSERT INTO Views VALUES ('alinity', 1);
INSERT INTO Views VALUES ('xcry', 3);
INSERT INTO Views VALUES ('agustin51', 2);
INSERT INTO Views VALUES ('zerator', 1);
INSERT INTO Views VALUES ('lars_tm', 2);
INSERT INTO Views VALUES ('bastighg', 6);
INSERT INTO Views VALUES ('kitboga', 6);
INSERT INTO Views VALUES ('therunningmanz', 9);
INSERT INTO Views VALUES ('wankilstudio', 1);
INSERT INTO Views VALUES ('symfuhny', 4);
INSERT INTO Views VALUES ('jeffhoogland', 9);
INSERT INTO Views VALUES ('di1araas', 1);
INSERT INTO Views VALUES ('towelliee', 2);
INSERT INTO Views VALUES ('cozygam3r', 1);
INSERT INTO Views VALUES ('tfblade', 3);
INSERT INTO Views VALUES ('folagorlives', 3);
INSERT INTO Views VALUES ('lirik', 2);
INSERT INTO Views VALUES ('dogdog', 1);
INSERT INTO Views VALUES ('wooxsolo', 1);
INSERT INTO Views VALUES ('smallant', 3);
INSERT INTO Views VALUES ('rezonfn', 9);
INSERT INTO Views VALUES ('zerkaa', 1);
INSERT INTO Views VALUES ('zerkaa', 6);
INSERT INTO Views VALUES ('fl0m', 2);
INSERT INTO Views VALUES ('upsetger', 2);
INSERT INTO Views VALUES ('wakzlol', 9);
INSERT INTO Views VALUES ('papaplatte', 2);
INSERT INTO Views VALUES ('vedal987', 1);
INSERT INTO Views VALUES ('mrsavage', 3);
INSERT INTO Views VALUES ('ramiboyslive', 7);
INSERT INTO Views VALUES ('crocodyletv', 1);
INSERT INTO Views VALUES ('hasanabi', 7);
INSERT INTO Views VALUES ('clix', 3);
INSERT INTO Views VALUES ('domingo', 1);
INSERT INTO Views VALUES ('runthefutmarket', 4);
INSERT INTO Views VALUES ('xfibii', 7);
INSERT INTO Views VALUES ('desertbus', 11);
INSERT INTO Views VALUES ('nicewigg', 3);
INSERT INTO Views VALUES ('method', 8);
INSERT INTO Views VALUES ('anujbost', 3);
INSERT INTO Views VALUES ('hortyunderscore', 7);
INSERT INTO Views VALUES ('absoluttlol', 8);
INSERT INTO Views VALUES ('eliasn97', 2);
INSERT INTO Views VALUES ('mistermv', 3);
INSERT INTO Views VALUES ('hiswattson', 1);
INSERT INTO Views VALUES ('gerardromero', 2);
INSERT INTO Views VALUES ('blackoutz', 3);
INSERT INTO Views VALUES ('missmikkaa', 4);
INSERT INTO Views VALUES ('grubby', 3);
INSERT INTO Views VALUES ('teamliquid', 4);
INSERT INTO Views VALUES ('bystaxx', 8);
INSERT INTO Views VALUES ('farfadoxvevo', 3);
INSERT INTO Views VALUES ('badboyhalo', 9);
INSERT INTO Views VALUES ('ricadam_lol', 1);
INSERT INTO Views VALUES ('deusamir', 4);
INSERT INTO Views VALUES ('eslcs', 2);
INSERT INTO Views VALUES ('castcrafter', 1);
INSERT INTO Views VALUES ('samueletienne', 11);
INSERT INTO Views VALUES ('podasai', 2);
INSERT INTO Views VALUES ('xchocobars', 8);
INSERT INTO Views VALUES ('dish', 4);
INSERT INTO Views VALUES ('skyrroztv', 3);
INSERT INTO Views VALUES ('talmo', 2);
INSERT INTO Views VALUES ('axozer', 5);
INSERT INTO Views VALUES ('mahluna', 4);
INSERT INTO Views VALUES ('stormen', 2);
INSERT INTO Views VALUES ('shisheyu_mayamoto', 3);
INSERT INTO Views VALUES ('pandemiadigital', 1);
INSERT INTO Views VALUES ('alliopodcast', 3);
INSERT INTO Views VALUES ('xarola_', 4);
INSERT INTO Views VALUES ('iamcristinini', 1);
INSERT INTO Views VALUES ('superzomgbbq', 10);
INSERT INTO Views VALUES ('moondye7', 2);
INSERT INTO Views VALUES ('bipbupxexa', 8);
INSERT INTO Views VALUES ('jay3', 3);
INSERT INTO Views VALUES ('markilokurasy', 7);
INSERT INTO Views VALUES ('solarbacca', 2);
INSERT INTO Views VALUES ('smitegame', 4);
INSERT INTO Views VALUES ('naguura', 5);
INSERT INTO Views VALUES ('spear_shot', 2);
INSERT INTO Views VALUES ('alexby11', 1);
INSERT INTO Views VALUES ('mukluk', 1);
INSERT INTO Views VALUES ('raxxanterax', 7);
INSERT INTO Views VALUES ('agustabell212', 5);
INSERT INTO Views VALUES ('bbreadman', 7);
INSERT INTO Views VALUES ('incon', 5);
INSERT INTO Views VALUES ('tyrone1mc', 4);
INSERT INTO Views VALUES ('thyslotfather', 10);
INSERT INTO Views VALUES ('mortenroyale', 3);
INSERT INTO Views VALUES ('giantwaffle', 5);
INSERT INTO Views VALUES ('giantwaffle', 11);
INSERT INTO Views VALUES ('olesyaliberman', 2);
INSERT INTO Views VALUES ('anthonyz', 4);
INSERT INTO Views VALUES ('abezy', 1);
INSERT INTO Views VALUES ('soursweet', 6);
INSERT INTO Views VALUES ('zaelia', 3);
INSERT INTO Views VALUES ('alexandercoccia', 2);
INSERT INTO Views VALUES ('pestily', 8);
INSERT INTO Views VALUES ('bmkibler', 5);
INSERT INTO Views VALUES ('femimarss', 2);
INSERT INTO Views VALUES ('ipromx', 1);
INSERT INTO Views VALUES ('tioshur', 11);
INSERT INTO Views VALUES ('ojwtv', 8);
INSERT INTO Views VALUES ('cruelladk', 4);
INSERT INTO Views VALUES ('toadamarillo', 9);
INSERT INTO Views VALUES ('itsjstn', 8);
INSERT INTO Views VALUES ('ahmpy', 1);
INSERT INTO Views VALUES ('lucasjack89', 2);
INSERT INTO Views VALUES ('perxitaa', 1);
INSERT INTO Views VALUES ('dofla', 3);
INSERT INTO Views VALUES ('ziqoftw', 5);
INSERT INTO Views VALUES ('peereira7', 4);
INSERT INTO Views VALUES ('coreano', 1);
INSERT INTO Views VALUES ('niklaswilson', 2);
INSERT INTO Views VALUES ('wudijo', 1);
INSERT INTO Views VALUES ('repoze', 3);
INSERT INTO Views VALUES ('zigueira', 8);
INSERT INTO Views VALUES ('diehahn', 4);
INSERT INTO Views VALUES ('silithur', 1);
INSERT INTO Views VALUES ('casinovatvs', 2);

UPDATE Stream SET numViewers=26 WHERE id=1;
UPDATE Stream SET numViewers=26 WHERE id=2;
UPDATE Stream SET numViewers=24 WHERE id=3;
UPDATE Stream SET numViewers=15 WHERE id=4;
UPDATE Stream SET numViewers=8 WHERE id=5;
UPDATE Stream SET numViewers=4 WHERE id=6;
UPDATE Stream SET numViewers=7 WHERE id=7;
UPDATE Stream SET numViewers=9 WHERE id=8;
UPDATE Stream SET numViewers=6 WHERE id=9;
UPDATE Stream SET numViewers=2 WHERE id=10;
UPDATE Stream SET numViewers=4 WHERE id=11;

UPDATE StreamCategory SET numViewers=52 WHERE name='Fortnite';
UPDATE StreamCategory SET numViewers=24 WHERE name='Maitre des Fleurs';
UPDATE StreamCategory SET numViewers=15 WHERE name='VALORANT';
UPDATE StreamCategory SET numViewers=13 WHERE name='Just Chatting';
UPDATE StreamCategory SET numViewers=9 WHERE name='The Last Faith';
UPDATE StreamCategory SET numViewers=8 WHERE name='League of Legends';
UPDATE StreamCategory SET numViewers=6 WHERE name='American Arcadia';
UPDATE StreamCategory SET numViewers=4 WHERE name='Minecraft';

UPDATE StreamCategory SET ranking=1 WHERE name='Fortnite';
UPDATE StreamCategory SET ranking=2 WHERE name='Maitre des Fleurs';
UPDATE StreamCategory SET ranking=3 WHERE name='VALORANT';
UPDATE StreamCategory SET ranking=4 WHERE name='Just Chatting';
UPDATE StreamCategory SET ranking=5 WHERE name='The Last Faith';
UPDATE StreamCategory SET ranking=6 WHERE name='League of Legends';
UPDATE StreamCategory SET ranking=7 WHERE name='American Arcadia';
UPDATE StreamCategory SET ranking=8 WHERE name='Minecraft';

INSERT INTO Emoticon VALUES ('cry');
INSERT INTO Emoticon VALUES ('heart');
INSERT INTO Emoticon VALUES ('laugh');
INSERT INTO Emoticon VALUES ('open_mouth');
INSERT INTO Emoticon VALUES ('smile');
INSERT INTO Emoticon VALUES ('thinking');

INSERT INTO Message VALUES (1, 'alexby11', 1, 'we getting a COD ninja stream?? :open_mouth:', '2023-11-15 21:06:30');
INSERT INTO Message VALUES (2, 'ricadam_lol', 1, 'its the perfect script for a big game', '2023-11-15 17:05:36');
INSERT INTO Message VALUES (3, 'perxitaa', 1, 'that sounds fireee :smile::smile:', '2023-11-15 19:03:38');
INSERT INTO Message VALUES (4, 'zerkaa', 1, 'That was impressive :open_mouth:', '2023-11-15 22:17:50');
INSERT INTO Message VALUES (5, 'abezy', 1, 'Hello chat!!!!!', '2023-11-15 19:52:12');
INSERT INTO Message VALUES (6, 'iamcristinini', 1, 'The controller excuses need to stop.', '2023-11-15 22:56:18');
INSERT INTO Message VALUES (7, 'vedal987', 1, 'the fact that Warzone is connected to normal CoD at all is always gonna hold it back', '2023-11-15 21:07:24');
INSERT INTO Message VALUES (8, 'ahmpy', 1, 'worse than me guy :cry:', '2023-11-15 23:44:44');
INSERT INTO Message VALUES (9, 'vedal987', 1, 'And he wonders why nobody wants to play with him', '2023-11-15 18:01:58');
INSERT INTO Message VALUES (10, 'agustin51', 2, 'Le stream a beuger ou ces moi il revien sans sesse en arrière ', '2023-11-15 22:41:25');
INSERT INTO Message VALUES (11, 'lucasjack89', 2, 'Salut, savez vous quel est la marque du casque de Gota ? :smile:', '2023-11-15 22:02:21');
INSERT INTO Message VALUES (12, 'casinovatvs', 2, 'LETSGO LETSGO', '2023-11-15 20:21:00');
INSERT INTO Message VALUES (13, 'eliasn97', 2, 'je l''avais dis :laugh:', '2023-11-15 22:24:50');
INSERT INTO Message VALUES (14, 'lucasjack89', 2, 'ce stream c''est le prime du divertissement :laugh:', '2023-11-15 22:26:40');
INSERT INTO Message VALUES (15, 'talmo', 2, ':heart::heart::heart:', '2023-11-15 20:55:30');
INSERT INTO Message VALUES (16, 'anujbost', 3, 'J''adore Lost, et je n''ai jamais regardé Breaking Bad', '2023-11-15 19:56:28');
INSERT INTO Message VALUES (17, 'clix', 3, 'Je découvre la série en ce moment :smile: c''est super!', '2023-11-15 23:23:27');
INSERT INTO Message VALUES (18, 'mrsavage', 3, 'Better call saul est meilleur', '2023-11-15 19:57:30');
INSERT INTO Message VALUES (19, 'anujbost', 3, 'Avez-vous vu le spécial de Breaking Bad où c''est un crossover avec l''actrice de la maman de Malcolm ?', '2023-11-15 22:46:53');
INSERT INTO Message VALUES (20, 'tfblade', 3, 'J''ai beaucoup aimé (dans mes preférées) mais le personnage de la mère est relou', '2023-11-15 22:27:32');
INSERT INTO Message VALUES (21, 'alliopodcast', 3, 'je préfère better call saul mais je pense que c''est parce que j''ai regardé avant breaking bad :smile:', '2023-11-15 19:57:30');
INSERT INTO Message VALUES (22, 'teamliquid', 4, 'boostio actually hilarious', '2023-11-15 23:04:50');
INSERT INTO Message VALUES (23, 'tyrone1mc', 4, 'does anyone know if tarik''s stream is his pov or production''s pov?', '2023-11-15 20:22:59');
INSERT INTO Message VALUES (24, 'foolish', 4, 'ask the team if they are having a good day', '2023-11-15 21:51:38');
INSERT INTO Message VALUES (25, 'peereira7', 4, 'whats the team chat?', '2023-11-15 19:41:37');
INSERT INTO Message VALUES (26, 'runthefutmarket', 4, 'he is not wrong, a world champion losing to sen will be bad look :laugh:', '2023-11-15 22:26:28');
INSERT INTO Message VALUES (27, 'diehahn', 4, 'Are they not streaming the sentinels game? :thinking:', '2023-11-15 23:35:02');
INSERT INTO Message VALUES (28, 'naguura', 5, 'du verpasst grad alles krasse :cry:', '2023-11-15 19:46:32');
INSERT INTO Message VALUES (29, 'giantwaffle', 5, 'Bobby macht jedes Mal zehn mio mehr', '2023-11-15 17:02:56');
INSERT INTO Message VALUES (30, 'naguura', 5, 'das ist so witzig aber auch traurig, ich weiß nicht, wie ich reagieren soll', '2023-11-15 22:23:12');
INSERT INTO Message VALUES (31, 'naguura', 5, 'we''re sooooorry', '2023-11-15 18:14:13');
INSERT INTO Message VALUES (32, 'soursweet', 6, 'actually biggest scam ever you cant say that then say it was 4 hour xdd', '2023-11-15 21:21:47');
INSERT INTO Message VALUES (33, 'bastighg', 6, 'working as a sushi chef since he was 12 YEP :smile:', '2023-11-15 22:14:32');
INSERT INTO Message VALUES (34, 'soursweet', 6, '7 and got 0 points nice', '2023-11-15 20:08:20');
INSERT INTO Message VALUES (35, 'kitboga', 6, 'he is a chef im guessing 20', '2023-11-15 19:59:29');
INSERT INTO Message VALUES (36, 'kitboga', 6, 'noway i got it right :heart:', '2023-11-15 22:02:40');
INSERT INTO Message VALUES (37, 'kitboga', 6, 'do you sharpen them yourself and if so do you use a whetstone?', '2023-11-15 19:51:35');
INSERT INTO Message VALUES (38, 'zerkaa', 6, 'thats a nakiri -- not a cleaver', '2023-11-15 20:19:57');
INSERT INTO Message VALUES (39, 'bastighg', 6, 'SWAP QUESTIONS !!!', '2023-11-15 21:06:40');
INSERT INTO Message VALUES (40, 'markilokurasy', 7, 'heyyy', '2023-11-15 22:55:10');
INSERT INTO Message VALUES (41, 'hortyunderscore', 7, 'en corée il nous a dit on n''allé etre choquée par son anglais', '2023-11-15 21:06:48');
INSERT INTO Message VALUES (42, 'bbreadman', 7, 'parfait là :heart:', '2023-11-15 23:38:47');
INSERT INTO Message VALUES (43, 'raxxanterax', 7, 'Là c''est parfait la qualité au max :smile:', '2023-11-15 22:35:56');
INSERT INTO Message VALUES (44, 'raxxanterax', 7, 'Je pense que cest des big pizza à partager', '2023-11-15 23:01:08');
INSERT INTO Message VALUES (45, 'pestily', 10, 'you probably already got like +15 from useless items :laugh:', '2023-11-15 15:04:57');
INSERT INTO Message VALUES (46, 'itsjstn', 10, 'Imagine if this was two hours of just the tutorial boss :laugh:', '2023-11-15 17:00:31');
INSERT INTO Message VALUES (47, 'itsjstn', 10, 'wait, he actually didn''t beat the first boss?', '2023-11-15 16:59:09');
INSERT INTO Message VALUES (48, 'method', 10, 'those ela sized enemies seem annoying', '2023-11-15 18:36:08');
INSERT INTO Message VALUES (49, 'ojwtv', 10, 'might aswell keep it this one time for the final guy', '2023-11-15 18:52:46');
INSERT INTO Message VALUES (50, 'wakzlol', 8, 'pero corre!', '2023-11-15 22:06:21');
INSERT INTO Message VALUES (51, 'toadamarillo', 8, 'para esto necesitas una ingenieria :laugh:', '2023-11-15 20:46:27');
INSERT INTO Message VALUES (52, 'jeffhoogland', 8, 'corre mas rapido', '2023-11-15 22:09:02');
INSERT INTO Message VALUES (53, 'thyslotfather', 9, 'Before pandemic every kid in the neighborhood used to play this', '2023-11-15 23:07:02');
INSERT INTO Message VALUES (54, 'thyslotfather', 9, 'I used to play clash of clans long back', '2023-11-15 22:56:26');
INSERT INTO Message VALUES (55, 'thyslotfather', 9, 'It''s kinda big in South East asia', '2023-11-15 22:56:44');

INSERT INTO Contains VALUES (1, 'open_mouth');
INSERT INTO Contains VALUES (3, 'smile');
INSERT INTO Contains VALUES (4, 'open_mouth');
INSERT INTO Contains VALUES (8, 'cry');
INSERT INTO Contains VALUES (11, 'smile');
INSERT INTO Contains VALUES (13, 'laugh');
INSERT INTO Contains VALUES (14, 'laugh');
INSERT INTO Contains VALUES (15, 'heart');
INSERT INTO Contains VALUES (17, 'smile');
INSERT INTO Contains VALUES (21, 'smile');
INSERT INTO Contains VALUES (26, 'laugh');
INSERT INTO Contains VALUES (27, 'thinking');
INSERT INTO Contains VALUES (28, 'cry');
INSERT INTO Contains VALUES (33, 'smile');
INSERT INTO Contains VALUES (36, 'heart');
INSERT INTO Contains VALUES (42, 'heart');
INSERT INTO Contains VALUES (43, 'smile');
INSERT INTO Contains VALUES (45, 'laugh');
INSERT INTO Contains VALUES (46, 'laugh');
INSERT INTO Contains VALUES (51, 'laugh');
